Chunk_ID,MB_Offset,KB_Offset,Cacheline_Start,Even_Ch,Odd_Ch,Pair
0,0,0,0,1,0,ch1 ch0
1,0,16,256,1,2,ch1 ch2
2,0,32,512,0,2,ch0 ch2
3,0,48,768,0,1,ch0 ch1
4,0,64,1024,1,2,ch1 ch2
5,0,80,1280,0,2,ch0 ch2
6,0,96,1536,0,1,ch0 ch1
7,0,112,1792,2,1,ch2 ch1
8,0,128,2048,0,2,ch0 ch2
9,0,144,2304,0,1,ch0 ch1
10,0,160,2560,2,1,ch2 ch1
11,0,176,2816,2,0,ch2 ch0
12,0,192,3072,0,1,ch0 ch1
13,0,208,3328,2,1,ch2 ch1
14,0,224,3584,2,0,ch2 ch0
15,0,240,3840,1,0,ch1 ch0
16,0,256,4096,2,1,ch2 ch1
17,0,272,4352,2,0,ch2 ch0
18,0,288,4608,1,0,ch1 ch0
19,0,304,4864,1,2,ch1 ch2
20,0,320,5120,2,0,ch2 ch0
21,0,336,5376,1,0,ch1 ch0
22,0,352,5632,1,2,ch1 ch2
23,0,368,5888,0,2,ch0 ch2
24,0,384,6144,1,0,ch1 ch0
25,0,400,6400,1,2,ch1 ch2
26,0,416,6656,0,2,ch0 ch2
27,0,432,6912,0,1,ch0 ch1
28,0,448,7168,1,2,ch1 ch2
29,0,464,7424,0,2,ch0 ch2
30,0,480,7680,0,1,ch0 ch1
31,0,496,7936,2,1,ch2 ch1
32,0,512,8192,0,2,ch0 ch2
33,0,528,8448,0,1,ch0 ch1
34,0,544,8704,2,1,ch2 ch1
35,0,560,8960,2,0,ch2 ch0
36,0,576,9216,0,1,ch0 ch1
37,0,592,9472,2,1,ch2 ch1
38,0,608,9728,2,0,ch2 ch0
39,0,624,9984,1,0,ch1 ch0
40,0,640,10240,2,1,ch2 ch1
41,0,656,10496,2,0,ch2 ch0
42,0,672,10752,1,0,ch1 ch0
43,0,688,11008,1,2,ch1 ch2
44,0,704,11264,2,0,ch2 ch0
45,0,720,11520,1,0,ch1 ch0
46,0,736,11776,1,2,ch1 ch2
47,0,752,12032,0,2,ch0 ch2
48,0,768,12288,1,0,ch1 ch0
49,0,784,12544,1,2,ch1 ch2
50,0,800,12800,0,2,ch0 ch2
51,0,816,13056,0,1,ch0 ch1
52,0,832,13312,1,2,ch1 ch2
53,0,848,13568,0,2,ch0 ch2
54,0,864,13824,0,1,ch0 ch1
55,0,880,14080,2,1,ch2 ch1
56,0,896,14336,0,2,ch0 ch2
57,0,912,14592,0,1,ch0 ch1
58,0,928,14848,2,1,ch2 ch1
59,0,944,15104,2,0,ch2 ch0
60,0,960,15360,0,1,ch0 ch1
61,0,976,15616,2,1,ch2 ch1
62,0,992,15872,2,0,ch2 ch0
63,0,1008,16128,1,0,ch1 ch0
64,1,0,16384,2,1,ch2 ch1
65,1,16,16640,2,0,ch2 ch0
66,1,32,16896,1,0,ch1 ch0
67,1,48,17152,1,2,ch1 ch2
68,1,64,17408,2,0,ch2 ch0
69,1,80,17664,1,0,ch1 ch0
70,1,96,17920,1,2,ch1 ch2
71,1,112,18176,0,2,ch0 ch2
72,1,128,18432,1,0,ch1 ch0
73,1,144,18688,1,2,ch1 ch2
74,1,160,18944,0,2,ch0 ch2
75,1,176,19200,0,1,ch0 ch1
76,1,192,19456,1,2,ch1 ch2
77,1,208,19712,0,2,ch0 ch2
78,1,224,19968,0,1,ch0 ch1
79,1,240,20224,2,1,ch2 ch1
80,1,256,20480,0,2,ch0 ch2
81,1,272,20736,0,1,ch0 ch1
82,1,288,20992,2,1,ch2 ch1
83,1,304,21248,2,0,ch2 ch0
84,1,320,21504,0,1,ch0 ch1
85,1,336,21760,2,1,ch2 ch1
86,1,352,22016,2,0,ch2 ch0
87,1,368,22272,1,0,ch1 ch0
88,1,384,22528,2,1,ch2 ch1
89,1,400,22784,2,0,ch2 ch0
90,1,416,23040,1,0,ch1 ch0
91,1,432,23296,1,2,ch1 ch2
92,1,448,23552,2,0,ch2 ch0
93,1,464,23808,1,0,ch1 ch0
94,1,480,24064,1,2,ch1 ch2
95,1,496,24320,0,2,ch0 ch2
96,1,512,24576,1,0,ch1 ch0
97,1,528,24832,1,2,ch1 ch2
98,1,544,25088,0,2,ch0 ch2
99,1,560,25344,0,1,ch0 ch1
100,1,576,25600,1,2,ch1 ch2
101,1,592,25856,0,2,ch0 ch2
102,1,608,26112,0,1,ch0 ch1
103,1,624,26368,2,1,ch2 ch1
104,1,640,26624,0,2,ch0 ch2
105,1,656,26880,0,1,ch0 ch1
106,1,672,27136,2,1,ch2 ch1
107,1,688,27392,2,0,ch2 ch0
108,1,704,27648,0,1,ch0 ch1
109,1,720,27904,2,1,ch2 ch1
