workload,rep,t_rel_s,dt_s,hbm_gbps,core_ghz,mesh_ghz,ipc,instr_gps_per_thread,pkg_w,joules,xq_pct,fb_pct
a7_base_f10,1,0.29,0.290,289.0,1.974,1.580,1.814,3.589,339.8,98.37,15.6,55.7
a7_base_f10,1,0.58,0.291,302.8,2.158,1.694,1.713,3.673,362.7,105.53,17.2,55.7
a7_base_f10,1,0.87,0.288,289.9,2.175,1.618,1.707,3.664,346.6,99.81,16.2,55.4
a7_base_f10,1,1.15,0.282,283.9,2.096,1.605,1.713,3.609,341.1,96.18,14.3,54.2
a7_base_f10,1,1.44,0.285,292.8,2.127,1.671,1.692,3.570,357.0,101.76,14.5,54.3
a7_base_f10,1,1.72,0.282,284.6,2.190,1.636,1.654,3.360,344.0,97.00,15.0,54.1
a7_base_f10,1,1.97,0.252,283.6,2.112,1.642,1.682,3.840,348.9,87.92,13.5,53.6
a7_base_f10,1,2.25,0.282,287.0,2.172,1.668,1.646,3.544,351.2,99.05,14.3,53.7
a7_base_f10,1,2.53,0.279,282.3,2.155,1.641,1.657,3.572,349.6,97.53,13.6,53.5
a7_base_f10,1,2.81,0.279,281.7,2.120,1.625,1.674,3.516,346.8,96.76,13.8,53.7
a7_base_f10,1,3.09,0.276,286.0,2.138,1.664,1.655,3.522,348.5,96.18,14.4,53.8
a7_base_f10,1,3.35,0.267,283.7,2.160,1.660,1.653,3.569,351.6,93.87,14.3,54.0
a7_base_f10,1,3.62,0.264,282.1,2.142,1.631,1.664,3.564,348.2,91.91,14.6,54.2
a7_base_f10,1,3.88,0.264,281.5,2.131,1.622,1.656,3.506,345.0,91.10,14.2,53.8
a7_base_f10,1,4.14,0.261,282.0,2.148,1.666,1.650,3.567,352.2,91.92,13.7,53.7
a7_base_f10,1,4.41,0.264,281.8,2.147,1.652,1.635,3.470,348.3,91.95,13.7,53.3
a7_base_f10,1,4.66,0.259,270.4,2.200,1.674,1.516,3.249,346.8,89.83,10.6,46.9
a7_base_f10,1,4.91,0.246,258.2,2.288,1.714,1.441,3.275,351.6,86.49,10.4,44.4
a7_base_f10,2,0.29,0.292,301.1,1.968,1.622,1.833,3.563,347.1,101.42,15.0,55.4
a7_base_f10,2,0.58,0.288,307.9,2.265,1.712,1.697,3.794,357.5,102.91,17.2,55.8
a7_base_f10,2,0.86,0.282,284.7,2.159,1.588,1.711,3.727,336.4,94.88,14.5,54.2
a7_base_f10,2,1.14,0.282,296.9,2.094,1.665,1.739,3.419,353.1,99.56,13.6,53.9
a7_base_f10,2,1.40,0.255,301.9,2.226,1.710,1.681,3.913,355.7,90.69,14.9,54.2
a7_base_f10,2,1.68,0.276,288.7,2.186,1.625,1.701,3.702,341.2,94.17,14.2,54.1
a7_base_f10,2,1.95,0.270,293.6,2.143,1.669,1.700,3.675,349.3,94.31,12.9,53.2
a7_base_f10,2,2.22,0.270,299.8,2.217,1.696,1.682,3.673,356.5,96.25,14.6,54.0
a7_base_f10,2,2.48,0.267,290.0,2.208,1.639,1.671,3.610,342.9,91.56,13.9,53.4
a7_base_f10,2,2.74,0.258,292.6,2.164,1.649,1.696,3.714,348.8,89.99,13.6,53.5
a7_base_f10,2,3.00,0.261,297.6,2.197,1.694,1.682,3.652,352.3,91.96,13.9,53.6
a7_base_f10,2,3.26,0.258,293.7,2.180,1.666,1.701,3.719,349.3,90.10,13.2,53.7
a7_base_f10,2,3.52,0.256,293.4,2.169,1.675,1.702,3.681,349.8,89.57,13.1,53.6
a7_base_f10,2,3.77,0.258,293.1,2.169,1.666,1.695,3.675,344.7,88.93,13.2,53.4
a7_base_f10,2,4.03,0.258,295.0,2.173,1.676,1.701,3.697,351.3,90.64,13.3,53.6
a7_base_f10,2,4.29,0.258,293.5,2.177,1.674,1.677,3.589,350.6,90.45,12.5,52.3
a7_base_f10,2,4.53,0.243,275.5,2.308,1.716,1.503,3.345,343.7,83.55,10.2,45.1
a7_base_f10,2,4.76,0.231,269.5,2.269,1.735,1.492,3.324,349.5,80.72,9.2,43.3
a7_base_f10,2,4.98,0.219,235.6,2.508,1.784,1.169,2.499,345.2,75.60,6.3,30.5
a7_base_f10,3,0.29,0.291,313.2,2.192,1.667,1.766,3.845,350.7,102.02,18.5,57.2
a7_base_f10,3,0.58,0.288,308.4,2.261,1.703,1.693,3.792,353.7,101.86,16.5,55.4
a7_base_f10,3,0.86,0.285,299.1,2.251,1.688,1.678,3.722,343.6,97.92,14.8,54.3
a7_base_f10,3,1.14,0.279,302.2,2.237,1.714,1.685,3.703,353.5,98.62,14.8,54.4
a7_base_f10,3,1.41,0.270,299.7,2.253,1.696,1.674,3.743,345.2,93.21,15.0,54.4
a7_base_f10,3,1.68,0.267,301.9,2.282,1.696,1.662,3.792,352.8,94.20,15.6,54.5
a7_base_f10,3,1.95,0.267,298.6,2.278,1.696,1.645,3.747,344.9,92.10,15.1,53.8
a7_base_f10,3,2.21,0.267,300.5,2.293,1.696,1.644,3.723,351.5,93.83,15.4,54.1
a7_base_f10,3,2.47,0.258,299.0,2.236,1.696,1.672,3.785,350.4,90.39,14.3,53.9
a7_base_f10,3,2.74,0.264,298.8,2.287,1.699,1.649,3.771,346.8,91.56,15.2,54.1
a7_base_f10,3,3.00,0.264,299.7,2.287,1.697,1.639,3.749,351.5,92.79,15.1,53.8
a7_base_f10,3,3.26,0.264,298.4,2.270,1.696,1.647,3.686,344.9,91.07,15.0,53.8
a7_base_f10,3,3.52,0.258,300.4,2.268,1.696,1.668,3.838,352.2,90.86,15.2,54.4
a7_base_f10,3,3.79,0.264,297.4,2.238,1.696,1.665,3.683,344.9,91.06,14.0,53.6
a7_base_f10,3,4.05,0.261,300.8,2.282,1.704,1.658,3.796,353.5,92.26,15.0,54.2
a7_base_f10,3,4.31,0.261,296.0,2.258,1.696,1.609,3.516,344.3,89.87,12.4,50.7
a7_base_f10,3,4.55,0.240,276.3,2.398,1.781,1.473,3.562,352.1,84.52,10.6,45.1
a7_base_f10,3,4.79,0.246,267.8,2.387,1.733,1.391,3.129,343.1,84.41,10.4,41.7
a7_base_f10,4,0.29,0.289,303.9,2.001,1.624,1.833,3.658,351.8,101.68,16.8,56.5
a7_base_f10,4,0.58,0.288,306.5,2.186,1.685,1.727,3.742,360.5,103.82,16.5,55.6
a7_base_f10,4,0.86,0.285,288.1,2.170,1.604,1.715,3.744,342.6,97.64,14.6,54.4
a7_base_f10,4,1.15,0.285,289.6,2.083,1.623,1.739,3.615,342.5,97.61,13.3,53.8
a7_base_f10,4,1.43,0.282,297.6,2.155,1.680,1.706,3.658,356.5,100.53,13.7,53.8
a7_base_f10,4,1.71,0.282,291.5,2.183,1.641,1.699,3.736,346.7,97.77,14.1,54.0
a7_base_f10,4,2.00,0.285,289.7,2.119,1.629,1.713,3.631,346.9,98.85,13.0,53.4
a7_base_f10,4,2.28,0.285,293.8,2.133,1.663,1.709,3.646,353.9,100.87,13.5,53.5
a7_base_f10,4,2.57,0.285,290.5,2.161,1.652,1.701,3.676,346.7,98.82,13.0,53.4
a7_base_f10,4,2.85,0.285,288.9,2.150,1.639,1.692,3.591,348.5,99.33,12.9,53.2
a7_base_f10,4,3.13,0.279,289.0,2.141,1.641,1.693,3.625,345.1,96.28,13.2,53.3
a7_base_f10,4,3.41,0.279,290.4,2.139,1.654,1.693,3.621,353.0,98.48,13.6,53.5
a7_base_f10,4,3.69,0.279,288.0,2.148,1.642,1.691,3.633,348.5,97.23,13.1,53.4
a7_base_f10,4,3.97,0.279,289.4,2.146,1.658,1.690,3.593,351.0,97.91,13.4,53.6
a7_base_f10,4,4.24,0.276,287.0,2.146,1.648,1.672,3.588,346.7,95.68,13.0,53.0
a7_base_f10,4,4.52,0.276,282.9,2.169,1.658,1.607,3.287,348.2,96.11,11.8,49.8
a7_base_f10,4,4.77,0.249,266.1,2.284,1.706,1.498,3.486,349.4,87.02,9.8,44.6
a7_base_f10,4,5.02,0.255,261.6,2.247,1.696,1.429,2.969,346.5,88.36,7.9,39.7
a7_base_f10,5,0.29,0.288,314.5,2.032,1.701,1.825,3.741,363.2,104.55,16.4,56.4
a7_base_f10,5,0.58,0.291,296.9,2.277,1.642,1.689,3.811,345.5,100.55,17.6,55.8
a7_base_f10,5,0.86,0.285,287.2,2.083,1.598,1.754,3.600,338.6,96.50,14.0,54.4
a7_base_f10,5,1.14,0.273,305.1,2.148,1.709,1.718,3.662,362.1,98.85,14.5,54.3
a7_base_f10,5,1.41,0.270,295.9,2.268,1.669,1.657,3.717,347.6,93.86,15.3,54.2
a7_base_f10,5,1.67,0.267,286.9,2.147,1.620,1.708,3.690,340.2,90.82,13.4,53.7
a7_base_f10,5,1.94,0.267,298.4,2.146,1.693,1.710,3.670,355.3,94.87,13.3,53.6
a7_base_f10,5,2.21,0.267,297.3,2.223,1.683,1.679,3.732,351.2,93.77,14.5,54.0
a7_base_f10,5,2.47,0.267,291.8,2.189,1.637,1.699,3.660,343.1,91.60,14.5,54.2
a7_base_f10,5,2.74,0.261,296.9,2.181,1.671,1.689,3.726,351.6,91.77,13.8,53.7
a7_base_f10,5,3.00,0.264,296.9,2.220,1.679,1.680,3.633,353.4,93.29,14.3,54.0
a7_base_f10,5,3.24,0.237,292.5,2.186,1.657,1.685,3.604,341.5,80.92,13.2,53.3
a7_base_f10,5,3.49,0.254,292.0,2.173,1.667,1.693,3.790,348.6,88.55,13.0,53.3
a7_base_f10,5,3.75,0.264,297.0,2.181,1.695,1.695,3.717,353.0,93.20,13.3,53.6
a7_base_f10,5,4.02,0.261,293.4,2.191,1.672,1.692,3.748,348.9,91.07,13.3,53.6
a7_base_f10,5,4.28,0.264,293.3,2.177,1.678,1.683,3.585,345.2,91.13,12.7,52.8
a7_base_f10,5,4.53,0.250,278.8,2.305,1.713,1.510,3.400,350.1,87.57,10.1,45.5
a7_base_f10,5,4.77,0.243,270.2,2.311,1.722,1.481,3.416,347.6,84.47,10.2,44.2
a7_emb_f10,1,0.29,0.290,295.0,2.065,1.667,1.781,3.652,359.5,104.26,16.1,57.8
a7_emb_f10,1,0.58,0.288,280.3,2.142,1.606,1.724,3.688,346.9,99.92,15.3,57.0
a7_emb_f10,1,0.86,0.284,272.8,2.063,1.581,1.726,3.549,345.4,98.10,12.6,55.3
a7_emb_f10,1,1.14,0.279,277.7,2.068,1.645,1.718,3.553,350.6,97.80,11.9,54.8
a7_emb_f10,1,1.42,0.279,275.7,2.129,1.650,1.677,3.569,352.7,98.41,12.1,54.5
a7_emb_f10,1,1.70,0.279,269.3,2.091,1.605,1.693,3.501,341.5,95.28,11.1,54.1
a7_emb_f10,1,1.98,0.276,272.6,2.084,1.645,1.687,3.552,353.2,97.47,11.0,53.8
a7_emb_f10,1,2.25,0.279,272.4,2.127,1.629,1.660,3.432,351.2,97.98,11.6,53.9
a7_emb_f10,1,2.52,0.267,270.7,2.129,1.625,1.652,3.480,345.4,92.23,11.2,53.5
a7_emb_f10,1,2.79,0.267,270.7,2.126,1.624,1.657,3.563,349.8,93.41,11.2,53.7
a7_emb_f10,1,3.06,0.270,271.6,2.119,1.628,1.659,3.480,350.3,94.58,11.6,53.8
a7_emb_f10,1,3.32,0.265,272.3,2.113,1.614,1.675,3.536,347.6,92.13,11.9,54.3
a7_emb_f10,1,3.59,0.267,272.3,2.117,1.621,1.673,3.543,348.7,93.11,12.0,54.3
a7_emb_f10,1,3.86,0.267,272.2,2.115,1.618,1.672,3.536,352.1,94.00,12.0,54.2
a7_emb_f10,1,4.12,0.267,272.0,2.119,1.619,1.666,3.530,345.8,92.32,11.5,54.0
a7_emb_f10,1,4.39,0.267,270.6,2.109,1.616,1.667,3.517,350.8,93.66,11.7,53.9
a7_emb_f10,1,4.66,0.267,271.2,2.116,1.618,1.660,3.489,347.3,92.73,11.5,53.7
a7_emb_f10,1,4.92,0.264,265.9,2.150,1.634,1.580,3.325,347.9,91.84,10.0,49.3
a7_emb_f10,1,5.18,0.256,248.5,2.190,1.690,1.497,3.323,349.2,89.42,8.0,44.9
a7_emb_f10,1,5.44,0.261,233.9,2.246,1.695,1.289,2.498,344.0,89.78,5.5,34.7
a7_emb_f10,2,0.29,0.291,324.7,2.242,1.786,1.771,3.945,376.4,109.64,16.9,57.7
a7_emb_f10,2,0.58,0.285,277.6,2.163,1.558,1.756,3.770,331.4,94.43,13.8,55.6
a7_emb_f10,2,0.86,0.279,300.7,2.095,1.702,1.774,3.721,354.7,98.97,12.1,54.6
a7_emb_f10,2,1.13,0.278,294.8,2.292,1.692,1.687,3.820,354.5,98.55,13.4,54.9
a7_emb_f10,2,1.41,0.273,282.0,2.196,1.619,1.721,3.648,335.2,91.55,12.0,54.2
a7_emb_f10,2,1.67,0.261,294.8,2.147,1.698,1.740,3.755,354.4,92.48,11.1,53.8
a7_emb_f10,2,1.93,0.264,297.4,2.257,1.710,1.704,3.811,352.7,93.13,12.6,54.7
a7_emb_f10,2,2.19,0.261,285.7,2.209,1.642,1.715,3.825,342.6,89.42,11.8,54.2
a7_emb_f10,2,2.46,0.264,292.2,2.186,1.676,1.725,3.814,352.3,92.99,11.5,54.1
a7_emb_f10,2,2.72,0.267,294.8,2.273,1.696,1.680,3.702,350.0,93.45,12.3,54.2
a7_emb_f10,2,2.98,0.255,288.1,2.198,1.675,1.703,3.757,346.9,88.50,10.8,53.4
a7_emb_f10,2,3.23,0.255,293.1,2.232,1.696,1.698,3.842,354.2,90.33,11.5,53.8
a7_emb_f10,2,3.49,0.258,288.0,2.238,1.668,1.683,3.683,343.2,88.50,11.3,53.5
a7_emb_f10,2,3.74,0.252,292.7,2.224,1.696,1.700,3.770,353.7,89.16,11.2,53.7
a7_emb_f10,2,4.00,0.252,290.9,2.233,1.676,1.704,3.890,348.5,87.80,11.9,54.2
a7_emb_f10,2,4.25,0.258,290.8,2.186,1.685,1.720,3.690,346.0,89.27,10.7,53.6
a7_emb_f10,2,4.50,0.251,283.1,2.269,1.696,1.594,3.500,345.5,86.75,9.5,48.6
a7_emb_f10,2,4.74,0.240,270.2,2.343,1.759,1.520,3.557,352.7,84.64,8.4,45.4
a7_emb_f10,2,4.98,0.240,260.0,2.387,1.751,1.369,2.983,346.4,83.16,7.5,38.9
a7_emb_f10,3,0.28,0.284,310.3,2.197,1.682,1.806,3.927,355.9,101.02,15.9,57.8
a7_emb_f10,3,0.56,0.279,300.7,2.243,1.670,1.741,3.905,346.8,96.75,14.3,56.1
a7_emb_f10,3,0.84,0.279,295.7,2.202,1.679,1.739,3.798,347.9,97.06,12.5,55.0
a7_emb_f10,3,1.12,0.276,297.3,2.214,1.696,1.725,3.851,351.9,97.14,12.1,54.6
a7_emb_f10,3,1.40,0.278,292.9,2.268,1.679,1.699,3.797,346.5,96.32,12.8,54.8
a7_emb_f10,3,1.67,0.273,295.3,2.209,1.696,1.726,3.837,350.8,95.76,11.6,54.4
a7_emb_f10,3,1.94,0.273,292.4,2.253,1.687,1.698,3.804,348.6,95.17,12.3,54.4
a7_emb_f10,3,2.21,0.270,295.0,2.198,1.687,1.721,3.783,349.1,94.25,11.7,54.2
a7_emb_f10,3,2.48,0.270,294.9,2.258,1.688,1.708,3.820,350.2,94.56,12.4,54.7
a7_emb_f10,3,2.75,0.267,290.9,2.202,1.696,1.708,3.718,345.8,92.32,10.7,53.4
a7_emb_f10,3,3.01,0.264,293.7,2.251,1.696,1.688,3.843,350.8,92.62,11.9,54.0
a7_emb_f10,3,3.28,0.267,291.4,2.219,1.696,1.713,3.787,350.0,93.45,11.5,54.0
a7_emb_f10,3,3.54,0.261,292.1,2.195,1.696,1.725,3.781,347.1,90.60,10.9,53.9
a7_emb_f10,3,3.80,0.261,291.2,2.213,1.696,1.723,3.857,348.7,91.01,11.3,54.2
a7_emb_f10,3,4.07,0.264,295.4,2.213,1.696,1.727,3.778,348.8,92.08,11.5,54.4
a7_emb_f10,3,4.33,0.261,293.2,2.190,1.690,1.721,3.809,349.2,91.13,10.8,53.4
a7_emb_f10,3,4.59,0.263,275.0,2.353,1.732,1.523,3.467,347.6,91.45,9.1,46.0
a7_emb_f10,3,4.84,0.252,266.3,2.312,1.725,1.488,3.321,345.9,87.18,8.2,43.3
a7_emb_f10,4,0.29,0.291,285.2,2.090,1.593,1.777,3.708,345.5,100.66,15.2,57.4
a7_emb_f10,4,0.58,0.288,283.4,2.071,1.639,1.764,3.654,348.6,100.38,12.7,55.7
a7_emb_f10,4,0.87,0.288,283.9,2.136,1.647,1.712,3.620,350.5,100.93,13.2,55.4
a7_emb_f10,4,1.15,0.283,281.0,2.141,1.635,1.706,3.455,349.5,98.91,12.9,55.2
a7_emb_f10,4,1.41,0.258,279.5,2.134,1.627,1.709,3.580,349.2,90.11,12.9,55.2
a7_emb_f10,4,1.66,0.249,279.1,2.127,1.625,1.703,3.655,349.1,86.92,12.3,54.8
a7_emb_f10,4,1.91,0.252,278.5,2.129,1.628,1.699,3.660,349.0,87.95,12.3,54.7
a7_emb_f10,4,2.16,0.255,278.9,2.137,1.654,1.682,3.504,348.3,88.80,11.6,54.1
a7_emb_f10,4,2.41,0.246,276.1,2.139,1.628,1.691,3.593,348.2,85.67,11.8,54.3
a7_emb_f10,4,2.65,0.244,278.7,2.136,1.646,1.683,3.656,350.8,85.61,12.1,54.3
a7_emb_f10,4,2.90,0.249,276.4,2.131,1.633,1.692,3.563,346.4,86.24,11.8,54.4
a7_emb_f10,4,3.15,0.246,276.7,2.141,1.637,1.674,3.771,351.1,86.36,11.6,54.0
a7_emb_f10,4,3.41,0.264,275.2,2.138,1.646,1.668,3.567,350.6,92.56,11.5,53.9
a7_emb_f10,4,3.68,0.264,275.9,2.136,1.640,1.684,3.574,346.9,91.58,11.6,54.2
a7_emb_f10,4,3.94,0.261,276.0,2.133,1.637,1.675,3.574,350.5,91.49,11.7,54.0
a7_emb_f10,4,4.20,0.258,274.8,2.135,1.636,1.666,3.558,346.9,89.48,11.4,53.8
a7_emb_f10,4,4.45,0.258,274.4,2.140,1.645,1.671,3.575,349.7,90.24,11.5,54.0
a7_emb_f10,4,4.71,0.258,272.5,2.161,1.649,1.606,3.353,346.5,89.40,9.9,50.6
a7_emb_f10,4,4.96,0.245,251.5,2.281,1.703,1.463,3.390,349.0,85.52,8.1,44.6
a7_emb_f10,4,5.21,0.249,249.8,2.229,1.706,1.411,2.874,349.0,86.91,7.0,40.6
a7_emb_f10,5,0.29,0.292,325.4,2.228,1.786,1.783,3.931,377.4,110.02,16.9,57.9
a7_emb_f10,5,0.58,0.288,280.2,2.184,1.571,1.751,3.816,331.3,95.43,13.9,55.7
a7_emb_f10,5,0.86,0.285,296.9,2.082,1.674,1.787,3.708,350.5,99.90,12.1,54.8
a7_emb_f10,5,1.15,0.285,301.7,2.263,1.720,1.715,3.879,359.3,102.39,13.6,55.4
a7_emb_f10,5,1.43,0.283,286.4,2.242,1.632,1.718,3.878,341.6,96.69,12.9,55.0
a7_emb_f10,5,1.72,0.285,288.5,2.152,1.661,1.736,3.697,342.9,97.73,11.0,53.8
a7_emb_f10,5,2.00,0.282,295.5,2.215,1.709,1.704,3.774,355.2,100.15,11.5,53.9
a7_emb_f10,5,2.28,0.282,293.1,2.251,1.694,1.690,3.827,351.2,99.03,11.8,53.9
a7_emb_f10,5,2.56,0.282,288.8,2.236,1.665,1.693,3.745,344.5,97.15,11.8,53.9
a7_emb_f10,5,2.84,0.279,292.4,2.203,1.681,1.712,3.813,351.3,98.01,11.5,54.0
a7_emb_f10,5,3.12,0.282,292.2,2.222,1.688,1.712,3.766,348.3,98.22,11.5,54.1
a7_emb_f10,5,3.41,0.282,290.1,2.190,1.690,1.719,3.698,349.3,98.49,10.5,53.5
a7_emb_f10,5,3.67,0.267,291.4,2.223,1.696,1.704,3.826,349.7,93.37,11.2,53.9
a7_emb_f10,5,3.94,0.267,289.9,2.194,1.696,1.721,3.733,345.8,92.33,10.5,53.6
a7_emb_f10,5,4.20,0.264,290.4,2.194,1.696,1.713,3.742,351.1,92.68,10.5,53.5
a7_emb_f10,5,4.47,0.261,286.6,2.232,1.696,1.637,3.605,345.5,90.17,9.3,49.8
a7_emb_f10,5,4.72,0.257,271.4,2.370,1.767,1.503,3.527,354.1,91.03,8.8,45.3
a7_emb_f10,5,4.98,0.255,253.5,2.400,1.730,1.332,2.859,340.9,86.93,6.9,37.3
a7_vec4_f10,1,0.28,0.276,293.2,2.090,1.588,1.570,3.380,342.2,94.49,23.4,58.8
a7_vec4_f10,1,0.56,0.288,301.4,2.120,1.668,1.538,3.260,353.5,101.82,21.1,57.2
a7_vec4_f10,1,0.85,0.288,293.4,2.197,1.639,1.506,3.298,349.9,100.77,20.7,56.7
a7_vec4_f10,1,1.14,0.285,291.6,2.118,1.635,1.525,3.229,344.2,98.11,18.5,55.7
a7_vec4_f10,1,1.42,0.285,296.7,2.164,1.670,1.510,3.270,353.7,100.79,19.4,56.0
a7_vec4_f10,1,1.71,0.285,293.6,2.166,1.647,1.510,3.271,350.5,99.88,18.9,55.8
a7_vec4_f10,1,1.99,0.285,290.0,2.158,1.627,1.499,3.177,343.4,97.87,18.6,55.2
a7_vec4_f10,1,2.27,0.276,294.6,2.156,1.664,1.505,3.214,352.0,97.16,18.6,55.5
a7_vec4_f10,1,2.54,0.273,295.0,2.162,1.670,1.510,3.277,349.9,95.52,18.4,55.5
a7_vec4_f10,1,2.81,0.273,292.1,2.156,1.645,1.514,3.230,349.4,95.38,18.1,55.5
a7_vec4_f10,1,3.08,0.267,291.4,2.152,1.646,1.506,3.309,349.1,93.22,17.8,55.2
a7_vec4_f10,1,3.36,0.278,293.4,2.155,1.665,1.509,3.171,349.7,97.21,17.8,55.3
a7_vec4_f10,1,3.63,0.270,291.2,2.156,1.652,1.504,3.242,347.9,93.94,17.8,55.1
a7_vec4_f10,1,3.90,0.270,293.7,2.154,1.662,1.513,3.256,347.5,93.81,18.3,55.5
a7_vec4_f10,1,4.17,0.267,292.5,2.150,1.648,1.510,3.231,350.6,93.62,17.9,55.2
a7_vec4_f10,1,4.43,0.267,291.8,2.170,1.664,1.473,3.153,350.3,93.54,16.2,53.3
a7_vec4_f10,1,4.69,0.259,272.8,2.297,1.716,1.342,3.103,344.8,89.33,12.9,46.6
a7_vec4_f10,2,0.28,0.284,318.8,2.186,1.690,1.588,3.442,351.0,99.78,22.6,58.5
a7_vec4_f10,2,0.56,0.279,315.7,2.254,1.702,1.546,3.455,353.0,98.46,21.9,57.7
a7_vec4_f10,2,0.84,0.276,308.0,2.261,1.678,1.527,3.420,344.0,94.94,20.8,56.8
a7_vec4_f10,2,1.10,0.261,309.7,2.209,1.689,1.545,3.416,350.4,91.45,19.6,56.5
a7_vec4_f10,2,1.37,0.267,310.3,2.255,1.718,1.522,3.438,352.6,94.14,19.4,56.2
a7_vec4_f10,2,1.64,0.272,305.0,2.264,1.682,1.510,3.394,343.5,93.45,19.4,56.0
a7_vec4_f10,2,1.91,0.270,306.5,2.237,1.708,1.516,3.411,351.0,94.76,18.5,55.6
a7_vec4_f10,2,2.18,0.270,308.1,2.292,1.696,1.487,3.391,350.7,94.70,19.7,55.7
a7_vec4_f10,2,2.45,0.270,307.8,2.275,1.696,1.500,3.448,348.7,94.14,19.3,55.8
a7_vec4_f10,2,2.72,0.273,306.1,2.241,1.696,1.518,3.402,350.4,95.66,18.9,55.9
a7_vec4_f10,2,3.00,0.273,306.6,2.291,1.696,1.482,3.337,346.7,94.64,19.1,55.4
a7_vec4_f10,2,3.26,0.267,305.0,2.292,1.696,1.479,3.401,348.1,92.94,18.9,55.3
a7_vec4_f10,2,3.53,0.268,305.4,2.281,1.696,1.491,3.390,350.3,93.89,19.0,55.5
a7_vec4_f10,2,3.80,0.267,305.9,2.253,1.696,1.508,3.428,350.5,93.57,18.5,55.6
a7_vec4_f10,2,4.07,0.270,305.7,2.284,1.696,1.488,3.370,345.6,93.32,19.0,55.4
a7_vec4_f10,2,4.33,0.267,296.3,2.332,1.697,1.393,3.078,346.0,92.38,15.6,50.1
a7_vec4_f10,2,4.58,0.247,284.3,2.403,1.792,1.310,3.201,354.3,87.53,13.5,46.1
a7_vec4_f10,3,0.29,0.293,332.7,2.167,1.774,1.599,3.418,372.7,109.29,23.4,58.8
a7_vec4_f10,3,0.58,0.288,289.7,2.181,1.563,1.556,3.395,332.9,95.87,21.0,57.2
a7_vec4_f10,3,0.87,0.288,303.6,2.049,1.660,1.603,3.243,347.6,100.12,17.7,56.1
a7_vec4_f10,3,1.15,0.276,312.1,2.257,1.709,1.521,3.385,358.8,99.01,20.7,56.7
a7_vec4_f10,3,1.42,0.273,294.3,2.180,1.607,1.545,3.327,341.0,93.10,18.7,56.0
a7_vec4_f10,3,1.69,0.267,301.6,2.097,1.657,1.576,3.305,345.8,92.33,17.3,55.6
a7_vec4_f10,3,1.95,0.267,307.5,2.216,1.702,1.524,3.363,357.2,95.37,18.7,55.7
a7_vec4_f10,3,2.21,0.254,297.4,2.196,1.631,1.533,3.327,342.5,86.99,18.6,55.8
a7_vec4_f10,3,2.47,0.262,304.2,2.168,1.670,1.536,3.355,352.3,92.32,18.1,55.5
a7_vec4_f10,3,2.73,0.264,300.4,2.213,1.658,1.516,3.336,351.6,92.81,18.1,55.3
a7_vec4_f10,3,2.99,0.261,299.0,2.174,1.647,1.530,3.326,343.6,89.68,17.9,55.3
a7_vec4_f10,3,3.25,0.261,301.2,2.164,1.662,1.544,3.310,351.3,91.67,17.4,55.3
a7_vec4_f10,3,3.51,0.259,301.8,2.170,1.688,1.537,3.322,351.5,91.07,17.1,55.1
a7_vec4_f10,3,3.77,0.258,298.7,2.161,1.658,1.535,3.318,348.9,90.02,16.8,54.9
a7_vec4_f10,3,4.03,0.258,297.7,2.168,1.657,1.536,3.304,344.4,88.85,16.7,54.9
a7_vec4_f10,3,4.29,0.258,299.3,2.171,1.674,1.504,3.248,351.0,90.56,15.9,53.4
a7_vec4_f10,3,4.54,0.250,278.3,2.296,1.708,1.368,3.127,346.4,86.63,12.5,46.9
a7_vec4_f10,3,4.79,0.249,264.9,2.294,1.728,1.229,2.563,345.8,86.11,9.9,39.6
a7_vec4_f10,4,0.29,0.292,301.0,2.020,1.618,1.613,3.203,347.9,101.61,22.3,58.6
a7_vec4_f10,4,0.58,0.285,305.8,2.159,1.691,1.540,3.312,357.2,101.77,21.9,57.7
a7_vec4_f10,4,0.86,0.282,294.7,2.190,1.621,1.523,3.348,346.6,97.74,21.3,57.2
a7_vec4_f10,4,1.14,0.285,293.5,2.106,1.635,1.539,3.241,343.9,98.01,18.9,56.1
a7_vec4_f10,4,1.43,0.285,299.7,2.171,1.675,1.511,3.281,355.7,101.39,19.6,56.1
a7_vec4_f10,4,1.71,0.285,290.8,2.189,1.637,1.500,3.283,345.1,98.34,18.9,55.7
a7_vec4_f10,4,2.00,0.285,292.0,2.151,1.636,1.511,3.250,347.8,99.12,18.4,55.5
a7_vec4_f10,4,2.28,0.285,296.0,2.161,1.668,1.514,3.258,351.8,100.25,18.8,55.8
a7_vec4_f10,4,2.57,0.282,295.4,2.158,1.668,1.511,3.260,349.4,98.52,18.0,55.3
a7_vec4_f10,4,2.85,0.282,291.9,2.162,1.650,1.500,3.243,350.2,98.75,17.2,54.8
a7_vec4_f10,4,3.13,0.282,293.1,2.163,1.665,1.504,3.253,345.4,97.40,17.2,54.9
a7_vec4_f10,4,3.41,0.282,293.3,2.159,1.658,1.511,3.236,349.3,98.50,17.4,55.0
a7_vec4_f10,4,3.69,0.279,293.1,2.155,1.663,1.512,3.260,350.6,97.79,16.9,54.7
a7_vec4_f10,4,3.97,0.279,293.5,2.152,1.655,1.516,3.263,349.6,97.56,16.8,54.6
a7_vec4_f10,4,4.25,0.279,296.4,2.155,1.657,1.532,3.290,346.7,96.73,16.7,54.8
a7_vec4_f10,4,4.52,0.276,295.6,2.165,1.656,1.485,3.108,350.6,96.76,15.5,52.2
a7_vec4_f10,4,4.78,0.255,274.7,2.299,1.714,1.362,3.060,345.6,88.18,12.7,46.6
a7_vec4_f10,5,0.29,0.289,321.2,2.207,1.691,1.580,3.484,353.1,101.99,23.3,58.7
a7_vec4_f10,5,0.58,0.288,313.1,2.276,1.679,1.532,3.454,346.9,99.90,22.4,57.7
a7_vec4_f10,5,0.86,0.279,310.8,2.209,1.690,1.556,3.414,350.7,97.85,19.7,56.8
a7_vec4_f10,5,1.13,0.279,308.9,2.274,1.692,1.513,3.463,349.2,97.44,20.4,56.5
a7_vec4_f10,5,1.42,0.282,307.4,2.228,1.696,1.521,3.390,348.4,98.25,18.6,55.7
a7_vec4_f10,5,1.70,0.282,308.4,2.286,1.696,1.502,3.423,350.3,98.80,20.0,56.1
a7_vec4_f10,5,1.98,0.279,306.6,2.264,1.696,1.504,3.386,346.8,96.75,18.7,55.6
a7_vec4_f10,5,2.26,0.279,304.6,2.286,1.696,1.478,3.387,351.1,97.95,18.8,55.1
a7_vec4_f10,5,2.54,0.279,306.4,2.256,1.696,1.509,3.377,347.2,96.88,18.7,55.7
a7_vec4_f10,5,2.81,0.276,304.8,2.272,1.696,1.489,3.346,348.2,96.09,18.5,55.1
a7_vec4_f10,5,3.08,0.270,306.6,2.286,1.702,1.490,3.377,352.7,95.24,18.9,55.5
a7_vec4_f10,5,3.35,0.264,304.3,2.256,1.696,1.504,3.392,346.5,91.49,18.7,55.5
a7_vec4_f10,5,3.61,0.264,306.9,2.242,1.696,1.505,3.370,348.1,91.90,18.3,55.3
a7_vec4_f10,5,3.87,0.261,304.2,2.292,1.702,1.492,3.420,350.0,91.36,19.1,55.6
a7_vec4_f10,5,4.13,0.261,304.9,2.248,1.700,1.497,3.359,349.9,91.33,17.6,54.7
a7_vec4_f10,5,4.39,0.257,290.9,2.386,1.740,1.342,3.100,345.3,88.78,14.3,47.8
a7_vec4_f10,5,4.64,0.251,279.0,2.353,1.752,1.330,2.971,346.6,87.01,12.6,45.4
a7_vec4s_f10,1,0.29,0.288,298.8,2.124,1.642,1.572,3.373,352.2,101.42,22.7,58.2
a7_vec4s_f10,1,0.58,0.291,288.7,2.162,1.634,1.513,3.255,348.8,101.51,19.8,55.8
a7_vec4s_f10,1,0.87,0.288,285.6,2.152,1.637,1.497,3.206,346.9,99.90,18.6,54.9
a7_vec4s_f10,1,1.15,0.285,286.0,2.158,1.663,1.490,3.201,347.1,98.93,17.5,54.3
a7_vec4s_f10,1,1.43,0.282,283.7,2.167,1.684,1.466,3.123,352.8,99.50,16.5,53.4
a7_vec4s_f10,1,1.71,0.276,282.7,2.170,1.658,1.474,3.199,349.2,96.36,16.8,53.7
a7_vec4s_f10,1,1.99,0.276,281.4,2.169,1.671,1.479,3.209,346.7,95.68,16.5,53.8
a7_vec4s_f10,1,2.26,0.276,283.5,2.168,1.672,1.469,3.185,349.4,96.45,16.5,53.5
a7_vec4s_f10,1,2.54,0.276,280.8,2.168,1.670,1.466,3.153,350.2,96.66,16.0,53.3
a7_vec4s_f10,1,2.81,0.273,281.0,2.168,1.666,1.465,3.203,346.8,94.69,16.4,53.3
a7_vec4s_f10,1,3.09,0.276,281.6,2.168,1.674,1.471,3.182,350.9,96.83,16.3,53.4
a7_vec4s_f10,1,3.36,0.271,282.1,2.169,1.672,1.466,3.196,349.1,94.59,16.2,53.4
a7_vec4s_f10,1,3.63,0.270,280.8,2.170,1.675,1.460,3.102,346.9,93.68,15.7,52.9
a7_vec4s_f10,1,3.89,0.264,279.4,2.170,1.672,1.460,3.234,351.6,92.83,15.8,52.9
a7_vec4s_f10,1,4.16,0.270,281.2,2.173,1.677,1.466,3.150,345.9,93.40,15.9,53.3
a7_vec4s_f10,1,4.43,0.267,281.0,2.174,1.676,1.457,3.166,350.1,93.48,15.9,53.0
a7_vec4s_f10,1,4.70,0.267,271.4,2.222,1.688,1.364,2.960,345.6,92.28,13.2,48.0
a7_vec4s_f10,1,4.95,0.258,262.5,2.288,1.731,1.304,2.983,352.1,90.82,12.3,45.3
a7_vec4s_f10,1,5.21,0.255,246.7,2.366,1.723,1.158,2.477,344.8,87.93,9.0,37.2
a7_vec4s_f10,2,0.29,0.287,322.6,2.209,1.728,1.588,3.515,358.5,103.06,21.8,57.4
a7_vec4s_f10,2,0.58,0.288,310.7,2.301,1.709,1.529,3.521,349.0,100.45,20.2,56.0
a7_vec4s_f10,2,0.86,0.288,301.1,2.270,1.674,1.525,3.453,345.0,99.36,18.2,54.8
a7_vec4s_f10,2,1.15,0.285,303.9,2.244,1.719,1.512,3.389,347.4,98.99,16.6,53.7
a7_vec4s_f10,2,1.43,0.281,305.1,2.298,1.741,1.493,3.362,355.5,99.90,16.5,53.6
a7_vec4s_f10,2,1.70,0.270,300.3,2.296,1.719,1.484,3.370,345.2,93.22,16.6,53.4
a7_vec4s_f10,2,1.97,0.267,299.8,2.276,1.703,1.498,3.448,349.4,93.30,16.6,53.5
a7_vec4s_f10,2,2.24,0.270,303.0,2.306,1.727,1.475,3.364,348.4,94.10,17.0,53.3
a7_vec4s_f10,2,2.50,0.267,303.3,2.319,1.722,1.477,3.427,351.0,93.71,17.1,53.5
a7_vec4s_f10,2,2.77,0.264,301.3,2.312,1.710,1.477,3.427,349.3,92.20,17.0,53.4
a7_vec4s_f10,2,3.03,0.267,301.0,2.300,1.701,1.484,3.347,345.1,92.15,17.3,53.6
a7_vec4s_f10,2,3.30,0.261,304.6,2.307,1.716,1.487,3.557,352.2,91.95,17.6,53.9
a7_vec4s_f10,2,3.57,0.273,302.7,2.312,1.714,1.477,3.454,349.3,95.35,17.2,53.5
a7_vec4s_f10,2,3.84,0.276,301.6,2.304,1.713,1.489,3.392,347.4,95.89,17.5,53.9
a7_vec4s_f10,2,4.12,0.273,302.4,2.309,1.699,1.461,3.387,350.0,95.54,17.0,52.6
a7_vec4s_f10,2,4.39,0.270,283.8,2.384,1.770,1.351,3.158,346.9,93.70,11.8,45.6
a7_vec4s_f10,2,4.65,0.264,276.9,2.392,1.784,1.311,3.037,348.3,91.97,10.6,43.0
a7_vec4s_f10,3,0.29,0.289,328.7,2.168,1.752,1.615,3.473,366.4,105.81,22.0,57.9
a7_vec4s_f10,3,0.57,0.285,305.1,2.305,1.682,1.527,3.519,349.3,99.54,20.6,56.1
a7_vec4s_f10,3,0.86,0.285,295.6,2.196,1.630,1.551,3.425,339.6,96.80,18.3,55.1
a7_vec4s_f10,3,1.14,0.285,308.9,2.185,1.720,1.551,3.331,354.2,100.95,17.5,54.6
a7_vec4s_f10,3,1.42,0.279,306.3,2.313,1.724,1.494,3.426,350.6,97.82,17.9,54.2
a7_vec4s_f10,3,1.70,0.273,294.3,2.260,1.668,1.494,3.376,344.5,94.07,16.3,53.3
a7_vec4s_f10,3,1.97,0.273,298.3,2.215,1.697,1.514,3.360,349.4,95.38,16.1,53.3
a7_vec4s_f10,3,2.24,0.273,304.7,2.265,1.729,1.506,3.410,352.8,96.32,16.8,53.7
a7_vec4s_f10,3,2.51,0.273,297.6,2.278,1.696,1.493,3.401,348.9,95.27,16.7,53.4
a7_vec4s_f10,3,2.79,0.273,299.6,2.208,1.703,1.528,3.345,349.7,95.44,15.6,53.4
a7_vec4s_f10,3,3.05,0.267,298.0,2.256,1.696,1.502,3.419,345.2,92.17,16.6,53.5
a7_vec4s_f10,3,3.33,0.273,301.3,2.291,1.696,1.487,3.335,350.4,95.64,17.4,53.7
a7_vec4s_f10,3,3.59,0.263,300.6,2.227,1.696,1.520,3.359,348.6,91.69,16.3,53.6
a7_vec4s_f10,3,3.85,0.261,299.2,2.286,1.696,1.480,3.423,349.1,91.12,17.1,53.4
a7_vec4s_f10,3,4.12,0.264,301.8,2.258,1.696,1.505,3.360,348.8,92.08,17.0,53.7
a7_vec4s_f10,3,4.37,0.259,282.2,2.326,1.699,1.367,3.114,343.2,88.92,12.7,46.4
a7_vec4s_f10,3,4.63,0.252,277.8,2.335,1.776,1.340,3.114,353.3,89.04,11.8,44.6
a7_vec4s_f10,3,4.87,0.243,254.5,2.507,1.786,1.155,2.450,347.1,84.35,9.6,36.6
a7_vec4s_f10,4,0.29,0.291,300.7,2.148,1.662,1.546,3.294,354.9,103.27,22.6,57.6
a7_vec4s_f10,4,0.58,0.288,291.9,2.177,1.652,1.518,3.318,347.2,99.97,20.2,56.1
a7_vec4s_f10,4,0.87,0.288,285.7,2.165,1.655,1.487,3.219,348.2,100.29,17.9,54.5
a7_vec4s_f10,4,1.16,0.288,283.1,2.167,1.657,1.479,3.162,349.1,100.55,17.5,54.1
a7_vec4s_f10,4,1.43,0.273,287.0,2.180,1.682,1.476,3.207,349.7,95.46,17.6,54.2
a7_vec4s_f10,4,1.70,0.270,284.9,2.186,1.675,1.479,3.235,349.5,94.36,17.1,54.2
a7_vec4s_f10,4,1.97,0.270,283.5,2.171,1.669,1.479,3.211,349.6,94.40,16.7,53.8
a7_vec4s_f10,4,2.24,0.270,281.6,2.171,1.673,1.466,3.182,347.2,93.75,16.2,53.3
a7_vec4s_f10,4,2.51,0.270,283.5,2.176,1.684,1.471,3.184,352.3,95.12,16.1,53.5
a7_vec4s_f10,4,2.77,0.267,282.3,2.184,1.685,1.459,3.185,345.5,92.26,15.6,53.0
a7_vec4s_f10,4,3.04,0.267,281.4,2.178,1.682,1.461,3.167,350.6,93.62,16.0,53.1
a7_vec4s_f10,4,3.31,0.264,282.8,2.165,1.673,1.479,3.186,350.3,92.48,16.5,53.8
a7_vec4s_f10,4,3.57,0.264,282.2,2.176,1.673,1.461,3.177,347.7,91.79,16.1,53.2
a7_vec4s_f10,4,3.83,0.264,282.2,2.177,1.683,1.470,3.201,350.3,92.48,16.2,53.5
a7_vec4s_f10,4,4.10,0.264,282.6,2.178,1.681,1.468,3.197,346.8,91.57,16.1,53.4
a7_vec4s_f10,4,4.36,0.264,282.6,2.174,1.681,1.471,3.170,350.1,92.43,16.2,53.4
a7_vec4s_f10,4,4.62,0.261,276.8,2.197,1.682,1.394,2.924,345.9,90.27,13.6,48.8
a7_vec4s_f10,4,4.87,0.244,262.3,2.345,1.752,1.292,3.125,351.2,85.73,11.9,44.5
a7_vec4s_f10,4,5.12,0.252,254.6,2.284,1.708,1.238,2.584,343.6,86.60,9.7,39.8
a7_vec4s_f10,5,0.29,0.289,321.4,2.196,1.731,1.600,3.471,357.7,103.47,21.1,57.4
a7_vec4s_f10,5,0.57,0.285,310.2,2.329,1.704,1.510,3.502,352.0,100.28,20.4,55.7
a7_vec4s_f10,5,0.86,0.282,299.1,2.263,1.667,1.519,3.407,341.0,96.16,18.1,54.5
a7_vec4s_f10,5,1.14,0.279,306.8,2.239,1.717,1.527,3.304,351.0,97.93,17.3,54.3
a7_vec4s_f10,5,1.40,0.262,306.6,2.304,1.745,1.495,3.480,354.1,92.76,17.0,53.9
a7_vec4s_f10,5,1.66,0.267,297.9,2.290,1.698,1.493,3.496,345.9,92.35,16.4,53.4
a7_vec4s_f10,5,1.94,0.273,303.0,2.238,1.731,1.518,3.338,348.0,94.99,16.2,53.7
a7_vec4s_f10,5,2.20,0.264,305.3,2.312,1.733,1.487,3.452,353.0,93.21,17.4,53.8
a7_vec4s_f10,5,2.47,0.264,300.3,2.292,1.704,1.497,3.412,345.1,91.11,16.9,53.8
a7_vec4s_f10,5,2.73,0.261,303.8,2.236,1.716,1.526,3.394,348.5,90.92,16.7,54.1
a7_vec4s_f10,5,2.99,0.261,303.8,2.313,1.736,1.479,3.456,353.4,92.27,16.8,53.4
a7_vec4s_f10,5,3.25,0.261,299.8,2.294,1.705,1.493,3.387,342.2,89.31,16.5,53.5
a7_vec4s_f10,5,3.51,0.258,302.3,2.279,1.725,1.490,3.397,351.6,90.70,16.6,53.3
a7_vec4s_f10,5,3.76,0.258,304.1,2.291,1.722,1.491,3.417,350.4,90.41,17.0,53.7
a7_vec4s_f10,5,4.02,0.258,302.0,2.315,1.727,1.480,3.428,350.7,90.48,17.1,53.6
a7_vec4s_f10,5,4.28,0.258,288.8,2.362,1.706,1.368,3.139,340.5,87.84,13.4,47.3
a7_vec4s_f10,5,4.52,0.243,279.2,2.410,1.809,1.314,3.149,356.0,86.53,12.0,44.6
a7_vec4s_f10,5,4.76,0.240,269.6,2.488,1.774,1.201,2.788,346.4,83.13,10.3,39.2
bw_t1,1,0.29,0.292,418.7,2.690,2.036,0.535,1.418,374.7,109.48,66.4,67.6
bw_t1,1,0.58,0.287,391.5,2.320,1.837,0.567,1.329,347.4,99.71,67.1,67.3
bw_t1,1,0.87,0.288,406.3,2.585,1.936,0.541,1.378,358.2,103.17,66.8,67.6
bw_t1,1,1.15,0.285,386.0,2.473,1.772,0.549,1.369,337.0,96.04,67.3,67.5
bw_t1,1,1.44,0.288,401.4,2.485,1.879,0.546,1.372,355.5,102.38,67.5,67.5
bw_t1,1,1.73,0.291,404.2,2.568,1.894,0.539,1.357,351.5,102.29,67.3,67.6
bw_t1,1,2.02,0.285,395.0,2.564,1.823,0.538,1.407,346.4,98.74,67.4,67.6
bw_t1,1,2.31,0.291,398.1,2.486,1.843,0.548,1.349,345.5,100.51,67.4,67.5
bw_t1,1,2.60,0.288,404.1,2.611,1.879,0.530,1.384,354.3,102.06,67.7,67.7
bw_t1,1,2.88,0.288,397.9,2.573,1.838,0.536,1.385,347.3,99.99,67.5,67.6
bw_t1,1,3.17,0.288,398.8,2.553,1.842,0.538,1.360,345.1,99.38,67.6,67.6
bw_t1,1,3.46,0.285,401.1,2.541,1.862,0.539,1.370,352.4,100.42,67.6,67.6
bw_t1,1,3.74,0.285,402.1,2.574,1.869,0.537,1.396,351.4,100.15,67.5,67.6
bw_t1,1,4.03,0.288,399.8,2.564,1.852,0.539,1.365,347.5,100.08,67.4,67.6
bw_t1,2,0.29,0.292,418.9,2.694,2.040,0.534,1.421,375.8,109.71,66.3,67.6
bw_t1,2,0.58,0.287,418.6,2.694,2.031,0.534,1.458,379.3,108.93,66.4,67.6
bw_t1,2,0.87,0.291,414.3,2.465,1.988,0.551,1.346,368.4,107.17,66.9,67.5
bw_t1,2,1.16,0.288,382.7,2.520,1.778,0.548,1.394,337.9,97.33,66.8,67.5
bw_t1,2,1.45,0.291,393.9,2.399,1.843,0.556,1.307,343.7,100.01,67.4,67.4
bw_t1,2,1.73,0.285,407.0,2.555,1.924,0.541,1.396,362.2,103.23,67.1,67.6
bw_t1,2,2.02,0.288,390.2,2.535,1.796,0.542,1.388,340.6,98.09,67.3,67.5
bw_t1,2,2.31,0.291,397.0,2.493,1.842,0.545,1.346,346.2,100.75,67.5,67.5
bw_t1,2,2.60,0.288,403.8,2.538,1.886,0.542,1.387,357.2,102.88,67.3,67.6
bw_t1,2,2.89,0.288,398.3,2.608,1.842,0.531,1.362,344.2,99.12,67.6,67.6
bw_t1,2,3.17,0.282,397.6,2.488,1.837,0.547,1.362,347.3,97.93,67.4,67.5
bw_t1,2,3.45,0.282,403.5,2.602,1.876,0.532,1.383,354.1,99.85,67.7,67.6
bw_t1,2,3.74,0.282,396.6,2.567,1.829,0.536,1.386,346.7,97.78,67.6,67.6
bw_t1,2,4.02,0.282,399.3,2.540,1.845,0.538,1.358,346.7,97.76,67.7,67.6
bw_t1,3,0.29,0.292,417.4,2.694,2.022,0.533,1.430,377.7,110.41,66.5,67.6
bw_t1,3,0.58,0.290,417.8,2.694,2.020,0.533,1.443,375.8,108.90,66.4,67.6
bw_t1,3,0.87,0.291,407.9,2.397,1.943,0.556,1.334,366.4,106.61,67.1,67.4
bw_t1,3,1.16,0.291,386.9,2.561,1.811,0.543,1.390,341.4,99.34,66.8,67.6
bw_t1,3,1.46,0.291,386.2,2.387,1.786,0.556,1.328,340.6,99.13,67.4,67.4
bw_t1,3,1.75,0.291,408.3,2.515,1.928,0.545,1.357,359.8,104.71,67.2,67.5
bw_t1,3,2.03,0.288,393.2,2.557,1.821,0.540,1.382,346.4,99.77,67.2,67.6
bw_t1,3,2.32,0.288,392.0,2.488,1.806,0.545,1.368,344.1,99.10,67.6,67.5
bw_t1,3,2.61,0.291,401.1,2.493,1.867,0.545,1.346,352.1,102.46,67.5,67.5
bw_t1,3,2.90,0.288,399.5,2.568,1.855,0.537,1.381,352.4,101.50,67.5,67.6
bw_t1,3,3.19,0.287,396.3,2.524,1.830,0.543,1.362,345.4,99.14,67.4,67.6
bw_t1,3,3.47,0.285,397.6,2.536,1.836,0.540,1.369,349.2,99.51,67.6,67.6
bw_t1,3,3.76,0.285,398.2,2.532,1.841,0.540,1.353,347.1,98.93,67.6,67.6
bw_t1,3,4.04,0.282,398.4,2.537,1.846,0.539,1.380,351.1,99.00,67.4,67.4
bw_t1,4,0.29,0.292,417.4,2.694,2.022,0.533,1.430,379.8,110.92,66.5,67.6
bw_t1,4,0.58,0.290,417.1,2.694,2.011,0.532,1.440,375.0,108.65,66.6,67.6
bw_t1,4,0.87,0.291,402.8,2.353,1.902,0.559,1.314,363.1,105.65,67.3,67.4
bw_t1,4,1.16,0.288,387.9,2.570,1.823,0.542,1.395,343.3,98.87,66.8,67.6
bw_t1,4,1.45,0.291,385.9,2.402,1.780,0.555,1.333,340.3,99.04,67.4,67.4
bw_t1,4,1.74,0.291,405.5,2.490,1.912,0.547,1.347,358.1,104.21,67.2,67.5
bw_t1,4,2.03,0.288,395.7,2.554,1.838,0.539,1.378,350.9,101.04,67.3,67.6
bw_t1,4,2.32,0.288,391.8,2.521,1.799,0.540,1.359,340.9,98.19,67.6,67.6
bw_t1,4,2.61,0.288,399.9,2.493,1.856,0.546,1.376,353.4,101.77,67.3,67.5
bw_t1,4,2.90,0.291,399.2,2.575,1.853,0.534,1.360,351.4,102.27,67.4,67.6
bw_t1,4,3.18,0.285,394.8,2.510,1.821,0.545,1.357,343.7,97.96,67.3,67.5
bw_t1,4,3.47,0.285,396.9,2.530,1.835,0.540,1.379,349.0,99.46,67.6,67.6
bw_t1,4,3.76,0.288,397.9,2.538,1.845,0.538,1.358,351.8,101.31,67.4,67.5
bw_t1,4,4.04,0.285,397.0,2.536,1.849,0.536,1.352,347.7,99.09,67.4,67.5
bw_t1,5,0.29,0.291,416.7,2.694,2.013,0.532,1.433,375.3,109.11,66.6,67.6
bw_t1,5,0.58,0.290,416.4,2.694,2.002,0.532,1.433,379.5,110.00,66.6,67.6
bw_t1,5,0.87,0.288,404.5,2.370,1.924,0.557,1.312,360.6,103.86,67.2,67.4
bw_t1,5,1.16,0.288,385.0,2.560,1.808,0.540,1.395,345.3,99.45,66.7,67.5
bw_t1,5,1.45,0.291,384.5,2.381,1.787,0.556,1.324,341.2,99.29,67.4,67.4
bw_t1,5,1.74,0.291,404.3,2.503,1.909,0.543,1.360,357.7,104.09,67.2,67.5
bw_t1,5,2.03,0.291,393.2,2.559,1.830,0.536,1.371,350.0,101.84,67.2,67.5
bw_t1,5,2.32,0.291,391.2,2.507,1.806,0.540,1.354,341.2,99.30,67.3,67.4
bw_t1,5,2.61,0.291,397.1,2.499,1.856,0.542,1.356,352.9,102.70,67.2,67.4
bw_t1,5,2.90,0.291,396.9,2.545,1.855,0.536,1.355,352.0,102.43,67.3,67.5
bw_t1,5,3.19,0.288,394.1,2.539,1.833,0.534,1.357,346.4,99.75,67.3,67.4
bw_t1,5,3.48,0.288,393.7,2.535,1.841,0.534,1.355,350.3,100.88,67.3,67.4
bw_t1,5,3.77,0.288,393.8,2.532,1.833,0.536,1.349,348.3,100.31,67.4,67.4
bw_t1,5,4.05,0.285,394.7,2.537,1.835,0.535,1.365,348.5,99.31,67.3,67.4
bw_t1_c2200,1,0.29,0.291,394.8,2.195,2.106,0.610,1.341,378.2,109.97,60.6,66.1
bw_t1_c2200,1,0.58,0.290,387.4,2.195,2.113,0.607,1.336,377.4,109.51,60.6,66.1
bw_t1_c2200,1,0.87,0.291,378.6,2.130,1.986,0.590,1.257,362.7,105.56,63.5,66.3
bw_t1_c2200,1,1.16,0.291,364.4,2.174,1.816,0.596,1.283,338.9,98.62,62.2,66.2
bw_t1_c2200,1,1.45,0.288,370.8,2.180,1.874,0.576,1.269,351.1,101.11,64.3,66.4
bw_t1_c2200,1,1.74,0.291,376.6,2.195,1.944,0.594,1.280,352.8,102.67,62.2,66.3
bw_t1_c2200,1,2.03,0.285,366.3,2.195,1.794,0.577,1.279,339.9,96.88,64.0,66.4
bw_t1_c2200,1,2.31,0.288,378.6,2.195,1.963,0.588,1.302,360.6,103.84,62.8,66.3
bw_t1_c2200,1,2.61,0.291,368.7,2.195,1.818,0.585,1.281,339.6,98.83,63.2,66.4
bw_t1_c2200,1,2.89,0.288,376.4,2.195,1.930,0.584,1.276,354.9,102.21,63.3,66.4
bw_t1_c2200,1,3.18,0.285,373.5,2.195,1.888,0.589,1.279,347.0,98.88,62.7,66.3
bw_t1_c2200,1,3.46,0.282,371.1,2.195,1.853,0.582,1.291,346.3,97.65,63.5,66.4
bw_t1_c2200,1,3.75,0.285,376.5,2.195,1.931,0.587,1.289,355.2,101.22,62.9,66.3
bw_t1_c2200,1,4.03,0.285,372.0,2.195,1.865,0.587,1.275,342.2,97.55,62.9,66.3
bw_t1_c2200,1,4.31,0.282,375.7,2.195,1.917,0.587,1.302,352.8,99.47,62.9,66.3
bw_t1_c2200,2,0.29,0.292,389.2,2.194,2.108,0.604,1.322,379.0,110.63,61.0,66.1
bw_t1_c2200,2,0.58,0.290,361.9,2.100,1.791,0.586,1.223,338.2,98.05,64.4,66.4
bw_t1_c2200,2,0.87,0.288,379.2,2.191,1.989,0.595,1.317,365.4,105.21,62.1,66.2
bw_t1_c2200,2,1.16,0.291,362.0,2.176,1.749,0.579,1.244,330.4,96.17,64.0,66.4
bw_t1_c2200,2,1.45,0.285,380.3,2.195,1.992,0.586,1.292,363.7,103.63,63.1,66.3
bw_t1_c2200,2,1.73,0.288,367.0,2.195,1.803,0.586,1.296,341.7,98.42,63.1,66.3
bw_t1_c2200,2,2.02,0.291,374.4,2.195,1.906,0.578,1.256,351.4,102.26,63.9,66.4
bw_t1_c2200,2,2.31,0.288,372.9,2.195,1.883,0.591,1.310,348.8,100.45,62.5,66.3
bw_t1_c2200,2,2.60,0.291,371.6,2.195,1.861,0.579,1.258,346.0,100.69,63.8,66.4
bw_t1_c2200,2,2.89,0.288,375.6,2.195,1.919,0.589,1.301,354.6,102.12,62.7,66.3
bw_t1_c2200,2,3.18,0.288,369.4,2.195,1.828,0.582,1.264,345.5,99.52,63.5,66.4
bw_t1_c2200,2,3.46,0.285,376.7,2.195,1.932,0.586,1.273,351.1,100.07,63.0,66.3
bw_t1_c2200,2,3.75,0.282,371.4,2.195,1.857,0.587,1.302,346.1,97.60,63.0,66.3
bw_t1_c2200,2,4.03,0.285,374.6,2.195,1.902,0.585,1.283,351.2,100.09,63.2,66.4
bw_t1_c2200,2,4.32,0.285,373.8,2.195,1.889,0.587,1.274,348.5,99.32,63.0,66.3
bw_t1_c2200,3,0.29,0.292,388.7,2.193,2.106,0.603,1.318,377.0,110.09,61.1,66.1
bw_t1_c2200,3,0.58,0.290,358.3,2.089,1.753,0.587,1.229,338.7,98.34,64.4,66.3
bw_t1_c2200,3,0.87,0.291,380.9,2.189,2.011,0.595,1.302,363.7,105.82,62.1,66.2
bw_t1_c2200,3,1.16,0.291,360.5,2.171,1.734,0.580,1.258,333.5,97.06,64.0,66.4
bw_t1_c2200,3,1.45,0.288,380.0,2.195,1.990,0.584,1.282,360.9,103.93,63.3,66.4
bw_t1_c2200,3,1.74,0.291,364.8,2.195,1.775,0.583,1.279,338.5,98.51,63.4,66.4
bw_t1_c2200,3,2.03,0.291,376.5,2.195,1.934,0.582,1.278,358.8,104.40,63.4,66.4
bw_t1_c2200,3,2.33,0.291,370.3,2.195,1.846,0.588,1.290,343.3,99.90,62.8,66.3
bw_t1_c2200,3,2.62,0.291,373.1,2.195,1.882,0.580,1.266,350.1,101.87,63.6,66.4
bw_t1_c2200,3,2.90,0.288,374.5,2.195,1.902,0.588,1.292,350.0,100.80,62.9,66.3
bw_t1_c2200,3,3.19,0.285,371.3,2.195,1.855,0.585,1.283,347.8,99.13,63.2,66.4
bw_t1_c2200,3,3.47,0.285,375.9,2.195,1.921,0.586,1.286,349.0,99.47,63.1,66.3
bw_t1_c2200,3,3.76,0.285,372.8,2.195,1.875,0.587,1.288,349.9,99.72,62.9,66.3
bw_t1_c2200,3,4.04,0.285,375.2,2.195,1.911,0.584,1.282,349.7,99.66,63.2,66.3
bw_t1_c2200,3,4.33,0.285,372.2,2.195,1.867,0.588,1.290,346.6,98.79,62.9,66.3
bw_t1_c2200,4,0.28,0.282,393.0,2.195,2.111,0.609,1.335,378.4,106.81,60.6,66.1
bw_t1_c2200,4,0.56,0.281,387.3,2.195,2.112,0.607,1.336,378.7,106.53,60.6,66.1
bw_t1_c2200,4,0.85,0.282,387.2,2.195,2.108,0.606,1.329,376.2,106.10,60.8,66.1
bw_t1_c2200,4,1.13,0.282,367.2,2.114,1.850,0.585,1.237,346.0,97.57,64.3,66.4
bw_t1_c2200,4,1.41,0.282,375.8,2.193,1.948,0.597,1.310,352.4,99.37,61.8,66.2
bw_t1_c2200,4,1.69,0.282,364.8,2.179,1.788,0.576,1.254,340.5,96.05,64.3,66.4
bw_t1_c2200,4,1.97,0.282,380.1,2.195,1.991,0.590,1.295,362.1,102.11,62.5,66.3
bw_t1_c2200,4,2.26,0.282,366.1,2.195,1.790,0.583,1.280,336.5,94.90,63.3,66.3
bw_t1_c2200,4,2.54,0.282,377.5,2.195,1.951,0.584,1.281,356.5,100.52,63.3,66.4
bw_t1_c2200,4,2.82,0.282,372.4,2.195,1.874,0.590,1.296,345.2,97.32,62.6,66.3
bw_t1_c2200,4,3.10,0.282,373.7,2.195,1.892,0.581,1.262,351.1,99.01,63.6,66.4
bw_t1_c2200,4,3.38,0.279,375.1,2.195,1.913,0.592,1.283,351.4,98.04,62.3,66.3
bw_t1_c2200,4,3.63,0.252,372.3,2.195,1.871,0.582,1.283,342.2,86.24,63.5,66.4
bw_t1_c2200,4,3.91,0.276,377.6,2.195,1.947,0.591,1.309,356.9,98.51,62.5,66.3
bw_t1_c2200,4,4.19,0.279,371.7,2.194,1.861,0.585,1.285,340.4,94.96,63.1,66.3
bw_t1_c2200,5,0.29,0.294,390.4,2.194,2.120,0.605,1.314,375.5,110.28,61.0,66.1
bw_t1_c2200,5,0.58,0.290,363.4,2.122,1.795,0.584,1.243,340.8,98.93,64.3,66.4
bw_t1_c2200,5,0.88,0.291,381.0,2.194,2.014,0.597,1.310,361.4,105.15,61.8,66.2
bw_t1_c2200,5,1.17,0.291,364.6,2.194,1.772,0.576,1.265,336.4,97.89,64.0,66.4
bw_t1_c2200,5,1.46,0.291,381.7,2.194,2.014,0.591,1.297,358.8,104.40,62.4,66.3
bw_t1_c2200,5,1.75,0.291,367.7,2.194,1.809,0.585,1.284,340.1,98.97,63.1,66.3
bw_t1_c2200,5,2.04,0.291,378.5,2.194,1.964,0.587,1.287,356.9,103.85,63.0,66.3
bw_t1_c2200,5,2.33,0.291,373.7,2.194,1.891,0.592,1.298,343.9,100.08,62.4,66.3
bw_t1_c2200,5,2.62,0.291,374.2,2.194,1.897,0.585,1.278,349.6,101.73,63.2,66.4
bw_t1_c2200,5,2.91,0.288,377.1,2.194,1.938,0.591,1.278,353.3,101.76,62.6,66.3
bw_t1_c2200,5,3.19,0.285,373.4,2.194,1.883,0.587,1.300,344.8,98.28,62.9,66.3
bw_t1_c2200,5,3.48,0.288,376.9,2.194,1.936,0.590,1.291,352.6,101.52,62.7,66.3
bw_t1_c2200,5,3.77,0.285,374.3,2.194,1.896,0.589,1.286,343.1,97.78,62.7,66.3
bw_t1_c2200,5,4.05,0.285,376.5,2.194,1.930,0.588,1.294,355.0,101.18,62.8,66.3
bw_t1_c2200,5,4.34,0.285,374.3,2.194,1.896,0.588,1.295,342.5,97.62,62.5,66.1
dramhit_keysddr_f10,1,0.29,0.286,283.8,2.106,1.659,1.836,3.812,354.7,101.44,19.5,58.2
dramhit_keysddr_f10,1,0.57,0.279,276.8,2.200,1.695,1.776,3.890,357.4,99.71,17.3,56.7
dramhit_keysddr_f10,1,0.84,0.276,266.3,2.195,1.644,1.746,3.833,342.1,94.42,16.4,55.7
dramhit_keysddr_f10,1,1.12,0.276,266.1,2.143,1.646,1.751,3.728,346.1,95.52,15.0,54.8
dramhit_keysddr_f10,1,1.39,0.273,271.3,2.198,1.694,1.727,3.780,353.3,96.46,15.3,54.8
dramhit_keysddr_f10,1,1.66,0.270,265.9,2.246,1.660,1.698,3.795,349.2,94.29,15.5,54.6
dramhit_keysddr_f10,1,1.93,0.265,263.9,2.169,1.657,1.728,3.735,347.6,92.11,14.5,54.3
dramhit_keysddr_f10,1,2.19,0.264,268.0,2.169,1.673,1.739,3.815,351.0,92.65,14.9,54.8
dramhit_keysddr_f10,1,2.46,0.267,268.4,2.208,1.681,1.717,3.776,348.4,93.03,14.9,54.6
dramhit_keysddr_f10,1,2.73,0.269,265.3,2.195,1.666,1.729,3.809,349.3,93.97,14.3,54.5
dramhit_keysddr_f10,1,3.00,0.270,262.9,2.179,1.681,1.710,3.697,347.0,93.70,13.3,53.5
dramhit_keysddr_f10,1,3.26,0.267,263.0,2.173,1.675,1.715,3.756,349.3,93.26,13.4,53.6
dramhit_keysddr_f10,1,3.53,0.270,266.1,2.180,1.696,1.732,3.775,352.8,95.28,13.8,54.2
dramhit_keysddr_f10,1,3.80,0.270,265.3,2.175,1.677,1.727,3.757,345.7,93.31,13.7,54.1
dramhit_keysddr_f10,1,4.07,0.270,264.7,2.176,1.669,1.730,3.764,348.8,94.18,14.0,54.3
dramhit_keysddr_f10,1,4.34,0.268,258.5,2.213,1.687,1.633,3.505,345.5,92.63,11.7,49.0
dramhit_keysddr_f10,1,4.60,0.255,248.4,2.313,1.743,1.534,3.558,353.0,90.03,10.9,45.5
dramhit_keysddr_f10,2,0.29,0.287,290.7,2.169,1.701,1.817,3.873,362.5,104.07,21.2,58.8
dramhit_keysddr_f10,2,0.57,0.279,266.2,2.196,1.627,1.765,3.861,343.3,95.75,17.5,56.6
dramhit_keysddr_f10,2,0.84,0.276,266.0,2.123,1.620,1.789,3.763,344.2,94.99,16.1,55.9
dramhit_keysddr_f10,2,1.11,0.270,272.5,2.138,1.689,1.760,3.790,353.2,95.37,15.2,55.0
dramhit_keysddr_f10,2,1.39,0.273,269.0,2.222,1.674,1.727,3.838,353.6,96.54,16.0,55.3
dramhit_keysddr_f10,2,1.66,0.273,263.6,2.166,1.638,1.745,3.779,342.8,93.59,15.1,54.9
dramhit_keysddr_f10,2,1.93,0.273,266.0,2.166,1.655,1.739,3.750,348.5,95.12,14.9,54.6
dramhit_keysddr_f10,2,2.20,0.270,268.1,2.175,1.684,1.730,3.741,353.8,95.52,14.7,54.5
dramhit_keysddr_f10,2,2.47,0.267,266.4,2.173,1.671,1.742,3.785,348.3,93.01,14.5,54.7
dramhit_keysddr_f10,2,2.74,0.267,264.5,2.167,1.661,1.736,3.763,348.9,93.16,14.1,54.3
dramhit_keysddr_f10,2,3.00,0.267,263.7,2.165,1.661,1.732,3.718,345.7,92.30,14.0,54.1
dramhit_keysddr_f10,2,3.27,0.264,264.1,2.165,1.673,1.724,3.734,350.5,92.54,13.8,53.9
dramhit_keysddr_f10,2,3.53,0.264,264.2,2.183,1.690,1.711,3.739,349.6,92.31,13.3,53.5
dramhit_keysddr_f10,2,3.80,0.266,263.1,2.165,1.665,1.741,3.767,349.4,92.94,14.0,54.4
dramhit_keysddr_f10,2,4.06,0.264,265.2,2.160,1.660,1.739,3.716,347.6,91.76,14.1,54.4
dramhit_keysddr_f10,2,4.32,0.261,265.1,2.177,1.673,1.691,3.656,348.1,90.85,13.0,51.6
dramhit_keysddr_f10,2,4.58,0.256,246.7,2.315,1.727,1.541,3.552,348.9,89.34,10.7,45.6
dramhit_keysddr_f10,2,4.83,0.255,240.6,2.262,1.712,1.528,3.167,345.8,88.18,9.1,42.9
dramhit_keysddr_f10,3,0.28,0.282,296.9,2.169,1.761,1.802,3.865,377.0,106.51,20.2,58.2
dramhit_keysddr_f10,3,0.55,0.270,257.5,2.177,1.565,1.780,3.852,330.6,89.26,18.1,57.0
dramhit_keysddr_f10,3,0.82,0.270,266.6,2.050,1.637,1.798,3.684,350.8,94.70,14.7,54.9
dramhit_keysddr_f10,3,1.09,0.267,275.8,2.188,1.704,1.751,3.791,356.9,95.30,16.4,55.7
dramhit_keysddr_f10,3,1.35,0.261,260.6,2.197,1.615,1.738,3.854,345.0,90.05,15.8,55.3
dramhit_keysddr_f10,3,1.62,0.267,262.4,2.101,1.655,1.755,3.575,344.0,91.85,13.2,53.7
dramhit_keysddr_f10,3,1.87,0.255,269.7,2.191,1.693,1.728,3.830,357.2,91.09,15.2,54.8
dramhit_keysddr_f10,3,2.13,0.258,263.0,2.192,1.636,1.729,3.789,347.4,89.64,15.2,54.8
dramhit_keysddr_f10,3,2.39,0.258,263.8,2.114,1.639,1.760,3.638,344.0,88.76,14.1,54.4
dramhit_keysddr_f10,3,2.64,0.252,268.8,2.213,1.685,1.711,3.831,354.5,89.33,15.1,54.5
dramhit_keysddr_f10,3,2.90,0.255,262.0,2.174,1.631,1.723,3.691,347.3,88.57,14.6,54.3
dramhit_keysddr_f10,3,3.14,0.249,264.6,2.141,1.651,1.744,3.689,345.4,86.00,14.4,54.4
dramhit_keysddr_f10,3,3.39,0.246,266.4,2.156,1.673,1.745,3.808,354.7,87.25,14.0,54.4
dramhit_keysddr_f10,3,3.64,0.249,262.6,2.171,1.648,1.732,3.714,345.6,86.05,14.0,54.2
dramhit_keysddr_f10,3,3.89,0.246,263.2,2.152,1.649,1.736,3.781,347.9,85.59,13.9,54.1
dramhit_keysddr_f10,3,4.13,0.249,262.5,2.160,1.662,1.721,3.717,351.4,87.49,13.7,53.7
dramhit_keysddr_f10,3,4.38,0.246,254.6,2.215,1.679,1.608,3.502,343.1,84.43,11.2,47.9
dramhit_keysddr_f10,3,4.62,0.240,247.0,2.266,1.726,1.563,3.540,354.0,84.97,10.4,45.5
dramhit_keysddr_f10,3,4.86,0.237,231.7,2.288,1.701,1.379,2.835,341.2,80.89,7.7,36.4
dramhit_keysddr_f10,4,0.28,0.283,295.4,2.172,1.752,1.789,3.871,376.1,106.37,19.7,57.6
dramhit_keysddr_f10,4,0.56,0.279,252.7,2.130,1.549,1.788,3.777,331.0,92.35,16.9,56.3
dramhit_keysddr_f10,4,0.84,0.276,268.0,2.045,1.658,1.801,3.684,348.9,96.30,14.3,54.8
dramhit_keysddr_f10,4,1.11,0.276,272.7,2.216,1.691,1.726,3.795,357.2,98.58,16.7,55.6
dramhit_keysddr_f10,4,1.39,0.273,259.4,2.175,1.609,1.739,3.784,344.5,94.06,15.1,54.8
dramhit_keysddr_f10,4,1.66,0.273,263.6,2.082,1.654,1.771,3.614,345.2,94.25,13.3,54.0
dramhit_keysddr_f10,4,1.93,0.267,268.1,2.229,1.675,1.708,3.782,356.1,95.09,15.7,54.8
dramhit_keysddr_f10,4,2.19,0.264,260.6,2.155,1.633,1.730,3.769,345.4,91.17,14.2,54.0
dramhit_keysddr_f10,4,2.46,0.267,264.7,2.153,1.658,1.730,3.655,347.0,92.67,14.7,54.2
dramhit_keysddr_f10,4,2.72,0.261,266.4,2.153,1.664,1.748,3.764,351.6,91.78,14.5,54.6
dramhit_keysddr_f10,4,2.98,0.261,263.4,2.152,1.649,1.741,3.790,351.6,91.76,14.4,54.4
dramhit_keysddr_f10,4,3.24,0.264,264.7,2.149,1.649,1.754,3.696,347.2,91.66,14.6,54.7
dramhit_keysddr_f10,4,3.50,0.254,263.6,2.152,1.651,1.734,3.699,347.2,88.19,14.5,54.4
dramhit_keysddr_f10,4,3.75,0.249,265.3,2.155,1.651,1.753,3.815,351.7,87.58,14.5,54.7
dramhit_keysddr_f10,4,4.00,0.252,262.3,2.149,1.650,1.727,3.710,345.8,87.15,13.7,53.8
dramhit_keysddr_f10,4,4.25,0.252,261.2,2.167,1.660,1.691,3.624,350.7,88.38,12.8,51.6
dramhit_keysddr_f10,4,4.50,0.247,245.1,2.275,1.698,1.565,3.543,344.8,85.18,11.4,46.1
dramhit_keysddr_f10,4,4.74,0.246,245.8,2.237,1.712,1.558,3.371,350.5,86.22,10.4,44.7
dramhit_keysddr_f10,5,0.29,0.288,297.8,2.242,1.772,1.769,3.916,377.9,108.75,20.7,58.2
dramhit_keysddr_f10,5,0.57,0.279,250.5,2.063,1.527,1.811,3.683,328.6,91.70,16.0,55.9
dramhit_keysddr_f10,5,0.84,0.273,277.1,2.080,1.713,1.787,3.714,364.4,99.46,15.3,55.2
dramhit_keysddr_f10,5,1.11,0.270,266.3,2.254,1.655,1.709,3.852,348.7,94.16,16.9,55.5
dramhit_keysddr_f10,5,1.38,0.269,254.8,2.129,1.593,1.732,3.627,336.6,90.56,14.1,53.9
dramhit_keysddr_f10,5,1.64,0.265,268.5,2.130,1.698,1.743,3.709,355.8,94.30,13.8,54.0
dramhit_keysddr_f10,5,1.91,0.264,267.0,2.221,1.672,1.717,3.814,353.1,93.19,15.4,54.8
dramhit_keysddr_f10,5,2.17,0.264,259.9,2.163,1.633,1.727,3.736,341.8,90.23,14.2,54.2
dramhit_keysddr_f10,5,2.44,0.264,264.8,2.142,1.658,1.743,3.789,351.3,92.74,14.4,54.4
dramhit_keysddr_f10,5,2.70,0.267,268.6,2.192,1.673,1.728,3.787,354.5,94.66,15.3,54.8
dramhit_keysddr_f10,5,2.97,0.267,261.6,2.183,1.637,1.709,3.732,344.2,91.89,14.3,54.0
dramhit_keysddr_f10,5,3.24,0.267,264.1,2.149,1.646,1.749,3.757,348.1,92.94,14.4,54.6
dramhit_keysddr_f10,5,3.50,0.265,263.8,2.150,1.660,1.737,3.705,350.3,92.83,14.1,54.2
dramhit_keysddr_f10,5,3.76,0.261,264.6,2.162,1.666,1.733,3.789,351.3,91.70,13.9,54.1
dramhit_keysddr_f10,5,4.03,0.264,263.6,2.161,1.655,1.735,3.667,344.4,90.92,14.0,54.3
dramhit_keysddr_f10,5,4.28,0.258,263.7,2.170,1.659,1.686,3.602,347.9,89.77,13.2,51.4
dramhit_keysddr_f10,5,4.54,0.251,247.2,2.297,1.723,1.548,3.486,351.4,88.23,11.2,45.9
dramhit_keysddr_f10,5,4.78,0.246,240.9,2.232,1.696,1.520,3.304,346.6,85.26,9.3,43.1
dramhit_keyshbm_f10,1,0.28,0.285,330.7,2.322,1.788,1.709,3.980,376.5,107.12,21.3,57.8
dramhit_keyshbm_f10,1,0.57,0.288,280.9,2.097,1.544,1.749,3.668,327.1,94.21,15.6,55.0
dramhit_keyshbm_f10,1,0.86,0.288,312.9,2.167,1.752,1.708,3.662,367.0,105.69,15.5,54.6
dramhit_keyshbm_f10,1,1.14,0.279,293.5,2.300,1.661,1.663,3.783,345.7,96.45,16.1,54.9
dramhit_keyshbm_f10,1,1.41,0.273,289.0,2.161,1.626,1.691,3.683,337.2,92.05,13.7,53.5
dramhit_keyshbm_f10,1,1.69,0.276,302.3,2.204,1.727,1.677,3.696,358.7,98.99,13.6,53.5
dramhit_keyshbm_f10,1,1.96,0.276,297.4,2.268,1.704,1.660,3.742,349.3,96.39,14.5,54.0
dramhit_keyshbm_f10,1,2.24,0.273,291.7,2.201,1.646,1.682,3.703,343.3,93.72,14.0,53.8
dramhit_keyshbm_f10,1,2.51,0.273,297.1,2.200,1.688,1.687,3.697,348.4,95.12,13.8,53.8
dramhit_keyshbm_f10,1,2.78,0.270,299.0,2.277,1.694,1.646,3.765,354.0,95.56,15.0,53.8
dramhit_keyshbm_f10,1,3.05,0.273,294.5,2.194,1.682,1.690,3.685,348.3,95.09,13.5,53.6
dramhit_keyshbm_f10,1,3.32,0.267,298.1,2.217,1.696,1.679,3.783,348.0,92.90,14.1,53.8
dramhit_keyshbm_f10,1,3.60,0.276,294.4,2.211,1.681,1.682,3.718,348.1,96.12,13.8,53.7
dramhit_keyshbm_f10,1,3.87,0.276,298.7,2.202,1.696,1.695,3.724,350.1,96.61,13.9,54.0
dramhit_keyshbm_f10,1,4.15,0.273,296.4,2.190,1.687,1.702,3.715,348.2,95.08,13.5,53.8
dramhit_keyshbm_f10,1,4.42,0.270,288.7,2.291,1.696,1.565,3.419,346.5,93.54,12.0,48.5
dramhit_keyshbm_f10,1,4.66,0.244,273.3,2.331,1.742,1.486,3.499,349.4,85.29,10.1,44.6
dramhit_keyshbm_f10,2,0.29,0.288,331.1,2.250,1.792,1.753,3.903,377.3,108.79,20.7,58.1
dramhit_keyshbm_f10,2,0.57,0.282,280.4,2.118,1.529,1.744,3.656,321.2,90.59,16.4,55.3
dramhit_keyshbm_f10,2,0.85,0.279,312.0,2.142,1.740,1.724,3.678,367.0,102.39,15.2,54.7
dramhit_keyshbm_f10,2,1.13,0.276,293.8,2.312,1.650,1.664,3.848,343.5,94.81,16.7,55.2
dramhit_keyshbm_f10,2,1.40,0.276,288.7,2.126,1.618,1.713,3.568,339.7,93.77,13.8,53.8
dramhit_keyshbm_f10,2,1.67,0.267,306.7,2.215,1.738,1.676,3.665,359.2,95.90,14.7,54.0
dramhit_keyshbm_f10,2,1.93,0.261,292.6,2.262,1.668,1.666,3.811,346.3,90.40,14.7,54.1
dramhit_keyshbm_f10,2,2.19,0.264,291.4,2.164,1.650,1.700,3.679,345.9,91.32,13.3,53.5
dramhit_keyshbm_f10,2,2.46,0.264,301.4,2.209,1.714,1.683,3.716,351.9,92.89,14.4,53.9
dramhit_keyshbm_f10,2,2.72,0.264,297.6,2.257,1.676,1.666,3.728,351.2,92.72,15.1,54.3
dramhit_keyshbm_f10,2,2.98,0.261,293.3,2.191,1.660,1.683,3.686,344.2,89.83,13.7,53.5
dramhit_keyshbm_f10,2,3.24,0.261,297.5,2.205,1.690,1.680,3.754,351.9,91.84,13.7,53.6
dramhit_keyshbm_f10,2,3.51,0.270,296.2,2.226,1.685,1.680,3.708,350.3,94.59,14.3,53.9
dramhit_keyshbm_f10,2,3.78,0.267,295.2,2.191,1.680,1.703,3.731,345.5,92.25,13.6,53.9
dramhit_keyshbm_f10,2,4.05,0.267,298.7,2.198,1.696,1.688,3.712,352.9,94.22,13.9,53.7
dramhit_keyshbm_f10,2,4.31,0.267,293.3,2.204,1.679,1.653,3.612,347.9,92.89,12.4,51.7
dramhit_keyshbm_f10,2,4.57,0.258,275.9,2.350,1.741,1.487,3.345,346.7,89.48,10.3,45.0
dramhit_keyshbm_f10,2,4.82,0.246,269.2,2.338,1.732,1.442,3.143,346.5,85.23,9.2,42.3
dramhit_keyshbm_f10,3,0.29,0.291,329.3,2.262,1.789,1.735,3.932,378.9,110.12,20.1,57.4
dramhit_keyshbm_f10,3,0.58,0.289,279.0,2.094,1.534,1.742,3.592,325.4,94.05,15.6,54.9
dramhit_keyshbm_f10,3,0.86,0.282,312.5,2.147,1.743,1.726,3.685,366.7,103.41,15.6,54.8
dramhit_keyshbm_f10,3,1.14,0.276,292.4,2.287,1.639,1.666,3.780,343.9,94.90,16.8,55.1
dramhit_keyshbm_f10,3,1.41,0.270,287.0,2.104,1.608,1.730,3.613,338.0,91.26,13.7,53.9
dramhit_keyshbm_f10,3,1.68,0.270,305.6,2.183,1.721,1.704,3.720,360.8,97.41,14.7,54.3
dramhit_keyshbm_f10,3,1.95,0.270,296.1,2.243,1.674,1.683,3.817,348.6,94.12,15.1,54.5
dramhit_keyshbm_f10,3,2.22,0.273,291.6,2.167,1.639,1.704,3.601,339.7,92.75,13.8,53.9
dramhit_keyshbm_f10,3,2.48,0.264,299.0,2.163,1.687,1.709,3.696,354.1,93.50,14.0,54.0
dramhit_keyshbm_f10,3,2.75,0.264,295.6,2.258,1.669,1.658,3.786,351.3,92.75,14.9,54.0
dramhit_keyshbm_f10,3,3.02,0.267,293.6,2.176,1.654,1.693,3.644,345.9,92.36,13.9,53.7
dramhit_keyshbm_f10,3,3.28,0.264,297.9,2.205,1.693,1.676,3.719,353.4,93.31,13.9,53.5
dramhit_keyshbm_f10,3,3.55,0.268,294.5,2.220,1.667,1.676,3.611,347.0,92.99,14.2,53.8
dramhit_keyshbm_f10,3,3.78,0.234,291.1,2.176,1.652,1.694,3.749,344.8,80.68,13.4,53.5
dramhit_keyshbm_f10,3,4.05,0.264,296.2,2.184,1.680,1.691,3.734,352.7,93.11,13.4,53.5
dramhit_keyshbm_f10,3,4.31,0.267,294.4,2.220,1.686,1.649,3.618,347.9,92.91,13.1,52.4
dramhit_keyshbm_f10,3,4.57,0.262,274.7,2.313,1.705,1.500,3.434,345.6,90.58,10.1,45.2
dramhit_keyshbm_f10,3,4.83,0.258,268.5,2.279,1.740,1.454,3.182,349.3,90.10,9.0,42.0
dramhit_keyshbm_f10,4,0.29,0.289,328.1,2.187,1.790,1.761,3.858,377.2,108.95,18.9,57.1
dramhit_keyshbm_f10,4,0.58,0.291,280.2,2.160,1.540,1.721,3.682,328.3,95.54,16.5,55.2
dramhit_keyshbm_f10,4,0.87,0.288,301.9,2.059,1.678,1.768,3.597,353.6,101.83,14.4,54.6
dramhit_keyshbm_f10,4,1.15,0.282,302.0,2.264,1.695,1.685,3.833,356.5,100.53,16.3,55.2
dramhit_keyshbm_f10,4,1.43,0.285,287.5,2.166,1.600,1.713,3.487,335.8,95.72,15.0,54.5
dramhit_keyshbm_f10,4,1.69,0.258,298.9,2.117,1.673,1.738,3.924,352.4,90.92,14.3,54.4
dramhit_keyshbm_f10,4,1.98,0.285,302.5,2.196,1.692,1.716,3.759,354.6,101.06,15.2,54.8
dramhit_keyshbm_f10,4,2.26,0.282,292.3,2.207,1.646,1.677,3.701,346.6,97.74,14.4,53.8
dramhit_keyshbm_f10,4,2.54,0.282,292.8,2.168,1.647,1.702,3.677,347.4,97.97,13.9,53.8
dramhit_keyshbm_f10,4,2.82,0.279,299.9,2.216,1.696,1.675,3.672,351.9,98.18,14.8,53.9
dramhit_keyshbm_f10,4,3.09,0.273,292.8,2.210,1.644,1.689,3.702,347.4,94.85,14.6,54.2
dramhit_keyshbm_f10,4,3.36,0.270,293.5,2.170,1.649,1.700,3.625,347.3,93.78,13.9,53.8
dramhit_keyshbm_f10,4,3.62,0.261,297.9,2.196,1.686,1.690,3.710,350.9,91.59,14.2,53.9
dramhit_keyshbm_f10,4,3.89,0.261,294.4,2.219,1.668,1.661,3.632,351.5,91.75,13.7,53.3
dramhit_keyshbm_f10,4,4.14,0.258,291.3,2.173,1.671,1.691,3.676,344.5,88.86,12.7,53.2
dramhit_keyshbm_f10,4,4.40,0.258,290.3,2.178,1.662,1.640,3.455,346.1,89.30,12.1,50.2
dramhit_keyshbm_f10,4,4.64,0.241,274.5,2.355,1.760,1.483,3.519,354.5,85.46,10.5,44.9
dramhit_keyshbm_f10,4,4.89,0.243,259.8,2.283,1.698,1.425,3.025,341.1,82.90,8.2,39.6
dramhit_keyshbm_f10,5,0.29,0.290,320.6,2.060,1.729,1.811,3.697,365.2,105.93,17.3,56.6
dramhit_keyshbm_f10,5,0.58,0.285,292.7,2.273,1.610,1.701,3.846,341.9,97.45,18.0,56.2
dramhit_keyshbm_f10,5,0.86,0.285,290.6,2.070,1.618,1.764,3.676,339.8,96.87,13.9,54.3
dramhit_keyshbm_f10,5,1.15,0.288,305.5,2.183,1.720,1.707,3.721,360.1,103.69,15.0,54.5
dramhit_keyshbm_f10,5,1.43,0.284,295.5,2.242,1.664,1.675,3.714,348.6,99.00,15.2,54.3
dramhit_keyshbm_f10,5,1.71,0.279,289.1,2.152,1.628,1.716,3.684,341.8,95.36,13.7,53.9
dramhit_keyshbm_f10,5,1.99,0.279,298.3,2.163,1.693,1.700,3.638,352.0,98.19,13.7,53.6
dramhit_keyshbm_f10,5,2.27,0.276,297.2,2.234,1.688,1.670,3.794,355.0,97.98,14.6,53.9
dramhit_keyshbm_f10,5,2.55,0.279,292.6,2.197,1.646,1.684,3.638,342.1,95.44,13.9,53.7
dramhit_keyshbm_f10,5,2.82,0.273,293.4,2.179,1.665,1.687,3.718,350.5,95.70,13.4,53.4
dramhit_keyshbm_f10,5,3.09,0.276,295.0,2.188,1.691,1.686,3.617,352.4,97.28,13.2,53.4
dramhit_keyshbm_f10,5,3.36,0.267,292.0,2.191,1.678,1.675,3.394,345.5,92.24,12.6,52.9
dramhit_keyshbm_f10,5,3.60,0.236,292.2,2.172,1.672,1.691,3.927,349.8,82.57,13.0,53.3
dramhit_keyshbm_f10,5,3.86,0.258,292.8,2.170,1.672,1.695,3.665,347.2,89.57,13.2,53.5
dramhit_keyshbm_f10,5,4.11,0.258,295.2,2.183,1.692,1.693,3.737,352.9,91.06,12.6,53.2
dramhit_keyshbm_f10,5,4.37,0.261,290.1,2.196,1.681,1.617,3.478,344.8,89.98,11.4,49.7
dramhit_keyshbm_f10,5,4.63,0.251,271.9,2.341,1.748,1.490,3.432,350.2,87.92,9.9,44.8
dramhit_keyshbm_f10,5,4.87,0.246,263.6,2.294,1.706,1.437,3.162,344.8,84.82,8.9,41.2
mimic_s1,1,0.29,0.286,363.0,2.671,1.819,0.681,1.805,370.5,106.04,77.9,76.4
mimic_s1,1,0.57,0.282,375.0,2.679,1.896,0.687,1.839,378.9,106.92,77.5,76.1
mimic_s1,1,0.85,0.282,370.1,2.292,1.851,0.757,1.734,365.4,103.04,76.3,75.7
mimic_s1,1,1.13,0.282,345.1,2.420,1.648,0.734,1.754,335.1,94.49,76.6,75.8
mimic_s1,1,1.41,0.276,358.4,2.208,1.746,0.779,1.738,352.4,97.25,76.1,75.6
mimic_s1,1,1.69,0.279,363.6,2.443,1.796,0.732,1.789,354.3,98.85,76.7,75.9
mimic_s1,1,1.97,0.279,350.6,2.319,1.669,0.757,1.756,338.2,94.36,76.4,75.7
mimic_s1,1,2.25,0.279,362.7,2.303,1.779,0.760,1.750,353.2,98.54,76.6,75.8
mimic_s1,1,2.52,0.279,363.3,2.409,1.785,0.740,1.784,354.8,98.98,76.7,75.9
mimic_s1,1,2.80,0.279,355.6,2.356,1.713,0.750,1.751,342.6,95.61,76.6,75.8
mimic_s1,1,3.08,0.274,361.5,2.292,1.767,0.766,1.759,353.1,96.74,76.3,75.7
mimic_s1,1,3.35,0.273,361.7,2.429,1.767,0.735,1.756,347.4,94.82,76.9,75.9
mimic_s1,1,3.62,0.267,357.9,2.345,1.730,0.752,1.793,345.2,92.17,76.7,75.8
mimic_s1,1,3.89,0.273,362.5,2.368,1.771,0.747,1.769,354.7,96.83,76.8,75.9
mimic_s1,1,4.16,0.273,361.6,2.371,1.767,0.748,1.774,348.6,95.19,76.7,75.9
mimic_s1,1,4.44,0.273,359.9,2.365,1.750,0.750,1.775,348.8,95.22,76.6,75.8
mimic_s1,2,0.29,0.292,420.5,2.649,1.910,0.773,2.020,376.6,109.96,79.3,77.4
mimic_s1,2,0.58,0.287,374.7,2.213,1.681,0.834,1.869,334.5,96.10,78.0,76.7
mimic_s1,2,0.87,0.291,415.8,2.446,1.884,0.804,1.945,369.5,107.51,78.5,77.0
mimic_s1,2,1.16,0.288,384.9,2.419,1.727,0.810,1.979,339.4,97.74,78.3,77.0
mimic_s1,2,1.45,0.291,389.5,2.351,1.738,0.816,1.894,340.6,99.12,78.5,76.9
mimic_s1,2,1.73,0.285,405.8,2.383,1.819,0.819,1.941,358.2,102.07,78.3,76.9
mimic_s1,2,2.02,0.282,402.4,2.456,1.800,0.807,1.964,349.7,98.60,78.5,77.0
mimic_s1,2,2.30,0.279,393.8,2.414,1.747,0.812,1.963,344.9,96.25,78.6,77.0
mimic_s1,2,2.57,0.279,399.1,2.400,1.778,0.813,1.973,350.4,97.76,78.6,77.0
mimic_s1,2,2.86,0.282,405.0,2.425,1.806,0.811,1.954,349.7,98.60,78.5,77.0
mimic_s1,2,3.13,0.276,399.2,2.461,1.773,0.804,1.954,349.9,96.57,78.8,77.0
mimic_s1,2,3.40,0.270,399.9,2.391,1.778,0.820,1.963,347.8,93.90,78.2,76.9
mimic_s1,2,3.67,0.270,403.2,2.413,1.796,0.820,1.921,348.9,94.21,78.1,76.9
mimic_s1,2,3.93,0.261,402.5,2.392,1.794,0.826,2.000,350.0,91.35,77.8,76.8
mimic_s1,3,0.29,0.292,424.9,2.676,1.949,0.775,2.050,378.1,110.42,78.8,77.3
mimic_s1,3,0.58,0.284,381.6,2.223,1.720,0.834,1.868,337.0,95.82,77.9,76.7
mimic_s1,3,0.86,0.288,418.0,2.515,1.907,0.797,2.005,367.9,105.95,78.5,77.1
mimic_s1,3,1.15,0.288,388.0,2.434,1.735,0.809,1.970,337.6,97.24,78.3,77.0
mimic_s1,3,1.44,0.288,398.4,2.376,1.783,0.818,1.943,347.3,100.01,78.4,76.9
mimic_s1,3,1.73,0.288,408.2,2.435,1.829,0.809,1.971,353.8,101.91,78.5,77.0
mimic_s1,3,2.02,0.288,404.3,2.474,1.810,0.806,1.993,352.3,101.45,78.5,77.0
mimic_s1,3,2.30,0.288,400.5,2.461,1.783,0.807,1.987,346.9,99.90,78.5,77.0
mimic_s1,3,2.59,0.288,402.8,2.438,1.795,0.811,1.978,345.4,99.47,78.4,77.0
mimic_s1,3,2.88,0.288,405.3,2.431,1.808,0.814,1.963,350.7,101.01,78.3,76.9
mimic_s1,3,3.16,0.282,406.5,2.479,1.815,0.805,1.976,349.7,98.61,78.5,77.0
mimic_s1,3,3.42,0.261,403.8,2.474,1.796,0.805,2.012,349.0,91.08,78.6,77.0
mimic_s1,3,3.71,0.282,405.8,2.470,1.807,0.804,1.985,347.8,98.09,78.7,77.1
mimic_s1,3,3.99,0.282,404.4,2.493,1.796,0.796,1.993,351.0,98.98,79.1,77.1
mimic_s1,4,0.29,0.285,422.5,2.668,1.927,0.772,2.043,377.4,107.58,79.1,77.3
mimic_s1,4,0.57,0.281,378.3,2.209,1.700,0.834,1.861,337.3,94.92,78.0,76.7
mimic_s1,4,0.85,0.282,415.5,2.482,1.889,0.801,1.988,367.4,103.60,78.4,77.0
mimic_s1,4,1.13,0.281,382.6,2.400,1.707,0.813,1.948,335.9,94.40,78.3,76.9
mimic_s1,4,1.41,0.280,396.3,2.341,1.779,0.819,1.922,349.8,97.92,78.5,76.9
mimic_s1,4,1.69,0.282,407.7,2.440,1.828,0.809,1.953,355.4,100.21,78.5,77.0
mimic_s1,4,1.97,0.279,397.3,2.450,1.770,0.810,1.928,346.9,96.79,78.4,76.9
mimic_s1,4,2.23,0.264,394.0,2.358,1.750,0.824,2.023,344.1,90.85,78.2,76.8
mimic_s1,4,2.52,0.285,403.6,2.410,1.805,0.812,1.950,352.1,100.33,78.6,76.9
mimic_s1,4,2.80,0.279,402.7,2.448,1.794,0.808,1.963,352.9,98.45,78.6,77.0
mimic_s1,4,3.07,0.276,397.7,2.439,1.765,0.807,1.901,342.9,94.63,78.7,77.0
mimic_s1,4,3.34,0.264,400.7,2.396,1.779,0.815,1.974,351.2,92.72,78.6,76.9
mimic_s1,4,3.61,0.267,400.7,2.473,1.779,0.801,1.981,350.1,93.49,78.9,77.1
mimic_s1,4,3.87,0.267,399.2,2.391,1.772,0.819,1.936,345.9,92.36,78.3,76.9
mimic_s1,5,0.28,0.283,418.1,2.598,1.905,0.783,2.026,377.3,106.87,78.7,77.2
mimic_s1,5,0.56,0.281,368.6,2.154,1.669,0.836,1.806,334.1,93.99,77.9,76.7
mimic_s1,5,0.85,0.282,407.9,2.456,1.868,0.789,1.942,372.1,104.93,78.4,76.9
mimic_s1,5,1.13,0.282,376.5,2.390,1.683,0.802,1.884,335.2,94.53,78.4,76.9
mimic_s1,5,1.40,0.273,387.3,2.293,1.749,0.820,1.901,348.9,95.25,78.1,76.7
mimic_s1,5,1.68,0.276,397.9,2.403,1.808,0.805,1.907,354.9,97.94,77.8,76.7
mimic_s1,5,1.95,0.270,387.9,2.401,1.737,0.805,1.903,345.2,93.21,77.9,76.7
mimic_s1,5,2.21,0.261,389.6,2.326,1.756,0.817,1.921,349.4,91.20,77.7,76.6
mimic_s1,5,2.47,0.264,394.3,2.458,1.785,0.788,1.899,349.9,92.37,78.3,76.8
mimic_s1,5,2.73,0.258,388.7,2.373,1.745,0.806,1.913,346.3,89.35,78.0,76.7
mimic_s1,5,2.99,0.258,393.7,2.394,1.787,0.801,1.917,350.9,90.53,77.9,76.6
mimic_s1,5,3.25,0.258,390.5,2.391,1.769,0.806,1.927,350.1,90.33,77.6,76.6
mimic_s1,5,3.50,0.258,388.6,2.379,1.755,0.804,1.934,347.3,89.61,77.9,76.6
mimic_s1,5,3.77,0.261,393.3,2.393,1.789,0.801,1.896,350.0,91.35,77.8,76.6
mimic_s1,5,4.02,0.258,390.5,2.378,1.773,0.808,1.921,348.8,90.00,77.5,76.6
mimic_s2,1,0.29,0.293,324.1,2.684,1.615,1.000,2.607,363.9,106.79,66.7,72.3
mimic_s2,1,0.57,0.281,325.3,2.235,1.696,1.182,2.641,358.0,100.54,53.3,69.3
mimic_s2,1,0.85,0.276,315.2,2.401,1.653,1.153,2.737,335.8,92.65,55.6,70.1
mimic_s2,1,1.12,0.270,322.9,2.156,1.703,1.230,2.662,347.4,93.80,50.8,68.8
mimic_s2,1,1.39,0.270,333.4,2.397,1.787,1.156,2.772,362.2,97.80,56.0,70.1
mimic_s2,1,1.66,0.270,318.4,2.297,1.657,1.189,2.694,334.7,90.37,53.8,69.6
mimic_s2,1,1.92,0.264,329.0,2.243,1.747,1.205,2.684,352.7,93.09,53.2,69.3
mimic_s2,1,2.19,0.262,330.9,2.399,1.761,1.158,2.654,356.3,93.34,56.3,70.2
mimic_s2,1,2.43,0.246,322.6,2.279,1.685,1.195,2.757,340.5,83.76,53.9,69.5
mimic_s2,1,2.68,0.249,330.9,2.302,1.759,1.190,2.663,352.5,87.73,54.1,69.6
mimic_s2,1,2.92,0.240,326.4,2.346,1.727,1.176,2.804,348.7,83.69,55.1,69.8
mimic_s2,1,3.17,0.246,327.9,2.270,1.735,1.201,2.724,345.5,85.03,53.5,69.4
mimic_s2,1,3.41,0.246,330.9,2.361,1.766,1.173,2.762,355.5,87.44,55.3,69.9
mimic_s2,1,3.66,0.243,325.5,2.299,1.706,1.190,2.770,346.1,84.11,54.3,69.6
mimic_s2,1,3.90,0.246,328.8,2.321,1.737,1.181,2.709,346.3,85.18,55.1,69.8
mimic_s2,1,4.15,0.243,329.4,2.335,1.744,1.178,2.752,351.3,85.35,55.2,69.8
mimic_s2,1,4.39,0.243,329.2,2.339,1.741,1.177,2.788,350.7,85.21,55.2,69.8
mimic_s2,1,4.63,0.246,328.5,2.340,1.734,1.177,2.727,346.0,85.13,55.2,69.8
mimic_s2,1,4.88,0.246,329.2,2.331,1.742,1.179,2.732,351.2,86.38,55.2,69.8
mimic_s2,2,0.29,0.289,394.2,2.557,1.882,1.282,3.262,377.3,109.23,45.8,68.5
mimic_s2,2,0.58,0.287,352.3,2.109,1.642,1.390,2.891,332.6,95.57,36.9,65.9
mimic_s2,2,0.86,0.282,389.9,2.414,1.852,1.314,3.166,369.7,104.25,43.4,67.7
mimic_s2,2,1.14,0.279,357.4,2.332,1.657,1.331,3.105,337.1,94.06,42.3,67.3
mimic_s2,2,1.42,0.279,369.8,2.232,1.728,1.365,3.047,346.5,96.67,39.2,66.6
mimic_s2,2,1.70,0.279,380.7,2.355,1.790,1.330,3.114,361.6,100.87,42.6,67.4
mimic_s2,2,1.97,0.276,369.7,2.380,1.722,1.324,3.129,343.3,94.74,42.9,67.5
mimic_s2,2,2.24,0.273,367.1,2.296,1.704,1.346,3.091,344.4,94.02,41.3,67.0
mimic_s2,2,2.52,0.273,378.2,2.314,1.766,1.345,3.106,353.2,96.43,41.2,67.1
mimic_s2,2,2.79,0.270,372.7,2.384,1.738,1.324,3.160,349.2,94.32,43.2,67.6
mimic_s2,2,3.06,0.272,370.6,2.297,1.725,1.350,3.007,343.0,93.27,40.8,67.0
mimic_s2,2,3.32,0.258,378.5,2.348,1.769,1.334,3.168,355.2,91.65,42.4,67.4
mimic_s2,2,3.58,0.261,373.2,2.351,1.743,1.337,3.143,349.8,91.29,41.8,67.3
mimic_s2,2,3.84,0.261,372.1,2.338,1.727,1.337,3.090,343.4,89.64,42.2,67.3
mimic_s2,2,4.10,0.258,375.3,2.339,1.753,1.337,3.162,352.0,90.81,42.2,67.3
mimic_s2,2,4.36,0.261,375.3,2.348,1.754,1.335,3.100,347.8,90.77,42.2,67.3
mimic_s2,3,0.29,0.291,396.8,2.571,1.896,1.280,3.232,375.5,109.13,45.9,68.5
mimic_s2,3,0.57,0.283,354.0,2.139,1.651,1.382,2.935,330.9,93.77,37.4,66.0
mimic_s2,3,0.85,0.279,391.5,2.419,1.862,1.313,3.154,372.5,103.93,43.3,67.7
mimic_s2,3,1.13,0.276,360.8,2.369,1.676,1.324,3.079,334.4,92.29,42.7,67.5
mimic_s2,3,1.40,0.270,371.4,2.261,1.740,1.356,3.100,347.8,93.91,40.1,66.8
mimic_s2,3,1.67,0.273,382.6,2.372,1.800,1.327,3.148,359.5,98.14,42.7,67.5
mimic_s2,3,1.94,0.273,372.5,2.400,1.741,1.320,3.133,345.0,94.18,43.1,67.6
mimic_s2,3,2.22,0.270,370.2,2.324,1.724,1.343,3.154,343.9,92.86,41.2,67.1
mimic_s2,3,2.49,0.273,380.1,2.356,1.778,1.332,3.139,354.4,96.75,42.4,67.4
mimic_s2,3,2.76,0.273,378.0,2.413,1.764,1.315,3.139,347.3,94.81,44.0,67.8
mimic_s2,3,3.03,0.270,372.8,2.366,1.733,1.328,3.177,347.7,93.87,43.0,67.5
mimic_s2,3,3.30,0.273,376.8,2.357,1.754,1.332,3.132,346.5,94.59,42.5,67.4
mimic_s2,3,3.58,0.273,378.9,2.363,1.783,1.334,3.186,353.2,96.42,42.0,67.4
mimic_s2,3,3.85,0.276,376.9,2.363,1.766,1.334,3.129,350.6,96.76,42.0,67.4
mimic_s2,3,4.13,0.273,374.3,2.356,1.745,1.335,3.140,347.1,94.76,42.0,67.3
mimic_s2,4,0.28,0.279,394.1,2.554,1.880,1.284,3.253,379.0,105.89,45.6,68.4
mimic_s2,4,0.55,0.275,351.8,2.079,1.638,1.398,2.886,336.4,92.62,35.9,65.6
mimic_s2,4,0.83,0.273,387.1,2.444,1.833,1.307,3.168,365.9,99.88,43.9,67.9
mimic_s2,4,1.10,0.270,353.2,2.249,1.631,1.354,2.956,333.5,90.05,40.2,66.7
mimic_s2,4,1.36,0.258,377.3,2.249,1.768,1.359,3.054,357.7,92.27,39.6,66.7
mimic_s2,4,1.61,0.255,374.7,2.393,1.753,1.322,3.163,351.6,89.65,42.9,67.6
mimic_s2,4,1.87,0.255,363.1,2.280,1.681,1.350,3.077,342.4,87.31,40.9,66.9
mimic_s2,4,2.12,0.255,378.6,2.308,1.767,1.344,3.102,352.7,89.94,41.3,67.1
mimic_s2,4,2.38,0.255,370.1,2.362,1.721,1.331,3.143,349.4,89.10,42.4,67.4
mimic_s2,4,2.63,0.255,369.3,2.268,1.721,1.361,3.103,346.6,88.39,39.4,66.7
mimic_s2,4,2.89,0.255,376.4,2.321,1.762,1.345,3.112,351.8,89.71,40.8,67.1
mimic_s2,4,3.13,0.249,371.6,2.336,1.735,1.340,3.060,349.5,87.03,41.4,67.2
mimic_s2,4,3.38,0.243,369.5,2.298,1.712,1.347,3.096,343.1,83.39,41.1,67.0
mimic_s2,4,3.62,0.243,373.6,2.327,1.740,1.338,3.115,351.9,85.51,42.0,67.2
mimic_s2,4,3.86,0.243,372.9,2.328,1.733,1.338,3.115,351.5,85.42,42.0,67.2
mimic_s2,4,4.11,0.243,372.5,2.331,1.730,1.338,3.119,345.0,83.84,42.0,67.2
mimic_s2,4,4.35,0.243,371.6,2.328,1.722,1.338,3.116,349.5,84.93,42.0,67.2
mimic_s2,5,0.29,0.286,390.7,2.482,1.855,1.296,3.212,378.2,107.98,44.7,68.1
mimic_s2,5,0.57,0.284,341.6,2.066,1.585,1.402,2.901,326.1,92.75,35.1,65.5
mimic_s2,5,0.85,0.285,383.6,2.325,1.831,1.323,3.040,373.0,106.30,42.5,67.4
mimic_s2,5,1.13,0.276,352.5,2.294,1.635,1.339,2.936,337.4,93.13,41.2,67.1
mimic_s2,5,1.39,0.261,364.2,2.160,1.708,1.383,3.017,347.8,90.77,37.3,66.1
mimic_s2,5,1.66,0.264,372.5,2.347,1.754,1.323,3.105,358.2,94.56,43.0,67.5
mimic_s2,5,1.92,0.264,359.1,2.274,1.662,1.349,3.066,338.4,89.34,40.7,66.9
mimic_s2,5,2.18,0.264,366.5,2.220,1.708,1.363,3.032,352.1,92.80,39.7,66.6
mimic_s2,5,2.45,0.264,371.1,2.310,1.741,1.340,3.091,354.7,93.80,41.2,67.1
mimic_s2,5,2.71,0.264,362.1,2.270,1.687,1.350,3.065,341.6,90.19,40.4,66.9
mimic_s2,5,2.98,0.264,367.8,2.247,1.733,1.357,3.049,351.8,92.88,39.7,66.7
mimic_s2,5,3.24,0.264,368.1,2.297,1.722,1.341,3.080,349.0,92.13,41.5,67.1
mimic_s2,5,3.50,0.264,364.3,2.265,1.696,1.356,3.069,347.6,91.77,40.0,66.8
mimic_s2,5,3.76,0.261,368.9,2.271,1.722,1.351,2.986,352.2,91.91,40.7,66.9
mimic_s2,5,4.01,0.249,368.5,2.313,1.716,1.334,3.171,345.9,86.13,42.5,67.3
mimic_s2,5,4.27,0.261,367.6,2.295,1.696,1.339,3.072,350.6,91.50,42.4,67.2
mimic_s3,1,0.29,0.288,311.6,2.655,1.600,1.406,3.674,370.6,106.83,45.1,68.4
mimic_s3,1,0.57,0.281,286.4,2.000,1.604,1.680,3.335,341.1,95.91,16.5,61.5
mimic_s3,1,0.85,0.276,311.7,2.442,1.760,1.565,3.828,361.3,99.72,24.8,64.8
mimic_s3,1,1.12,0.276,288.3,2.100,1.608,1.669,3.389,331.4,91.54,16.2,61.8
mimic_s3,1,1.38,0.261,317.6,2.280,1.791,1.613,3.690,368.4,96.08,20.8,63.5
mimic_s3,1,1.65,0.264,297.5,2.302,1.656,1.609,3.703,341.4,90.14,21.0,63.7
mimic_s3,1,1.91,0.264,299.1,2.157,1.668,1.659,3.581,345.3,91.15,16.6,62.3
mimic_s3,1,2.17,0.264,312.8,2.313,1.755,1.605,3.513,357.9,94.50,21.2,63.7
mimic_s3,1,2.42,0.246,298.4,2.262,1.657,1.624,3.717,343.9,84.60,19.5,63.3
mimic_s3,1,2.67,0.249,306.3,2.206,1.707,1.643,3.582,348.6,86.79,18.1,62.8
mimic_s3,1,2.92,0.246,306.9,2.291,1.716,1.617,3.750,353.3,86.91,20.0,63.5
mimic_s3,1,3.16,0.249,300.9,2.227,1.678,1.638,3.605,341.5,85.02,18.3,62.9
mimic_s3,1,3.41,0.246,308.1,2.260,1.722,1.629,3.679,354.6,87.24,19.0,63.2
mimic_s3,1,3.66,0.246,302.9,2.248,1.696,1.632,3.693,348.1,85.63,18.8,63.1
mimic_s3,1,3.90,0.246,308.0,2.270,1.710,1.623,3.655,347.7,85.60,19.6,63.3
mimic_s3,1,4.15,0.246,302.3,2.235,1.696,1.637,3.661,347.9,85.53,18.3,63.0
mimic_s3,1,4.39,0.246,308.5,2.292,1.711,1.614,3.745,352.9,86.80,20.5,63.6
mimic_s3,1,4.64,0.249,304.0,2.252,1.696,1.630,3.626,346.2,86.22,19.2,63.2
mimic_s3,1,4.89,0.246,308.1,2.297,1.706,1.612,3.748,351.2,86.39,20.9,63.7
mimic_s3,1,5.14,0.249,304.5,2.250,1.696,1.629,3.622,346.0,86.17,19.1,63.2
mimic_s3,1,5.38,0.246,307.1,2.293,1.696,1.611,3.696,351.5,86.47,20.9,63.6
mimic_s3,2,0.28,0.278,358.0,2.555,1.867,1.681,4.269,377.9,104.95,13.6,61.8
mimic_s3,2,0.55,0.275,322.0,2.082,1.667,1.806,3.771,339.6,93.47,7.1,58.0
mimic_s3,2,0.83,0.276,345.7,2.435,1.797,1.709,4.178,363.7,100.39,11.9,60.9
mimic_s3,2,1.11,0.279,318.9,2.256,1.641,1.757,3.903,332.2,92.70,9.3,59.5
mimic_s3,2,1.38,0.273,338.6,2.237,1.753,1.767,3.952,356.7,97.36,8.5,59.2
mimic_s3,2,1.65,0.273,341.1,2.353,1.762,1.734,4.080,356.2,97.25,10.4,60.3
mimic_s3,2,1.93,0.273,329.5,2.348,1.691,1.734,4.003,340.1,92.84,10.5,60.2
mimic_s3,2,2.19,0.261,334.0,2.243,1.716,1.767,3.820,349.8,91.31,8.3,59.3
mimic_s3,2,2.44,0.249,342.0,2.372,1.765,1.730,4.097,353.9,88.12,10.6,60.4
mimic_s3,2,2.68,0.246,329.1,2.280,1.700,1.760,4.012,343.9,84.59,8.4,59.5
mimic_s3,2,2.93,0.246,339.6,2.299,1.761,1.753,3.977,351.2,86.39,8.9,59.7
mimic_s3,2,3.17,0.240,336.0,2.339,1.741,1.742,4.129,350.3,84.05,9.6,60.0
mimic_s3,2,3.41,0.246,332.4,2.291,1.708,1.754,3.970,343.8,84.58,8.9,59.7
mimic_s3,2,3.66,0.243,338.4,2.322,1.744,1.742,4.095,352.5,85.66,9.7,60.0
mimic_s3,2,3.90,0.246,338.4,2.340,1.744,1.739,4.042,353.0,86.83,9.8,60.1
mimic_s3,2,4.15,0.246,337.0,2.330,1.732,1.741,3.984,345.3,84.95,9.7,60.0
mimic_s3,2,4.39,0.240,336.1,2.322,1.723,1.742,4.120,350.3,84.08,9.7,60.0
mimic_s3,2,4.64,0.246,335.7,2.328,1.719,1.741,4.053,349.2,85.90,9.7,60.0
mimic_s3,3,0.28,0.279,359.1,2.562,1.876,1.681,4.258,377.7,105.39,13.7,61.8
mimic_s3,3,0.55,0.272,324.0,2.088,1.676,1.804,3.708,338.6,92.22,7.3,58.1
mimic_s3,3,0.82,0.267,345.1,2.489,1.796,1.698,4.235,363.3,97.00,12.7,61.3
mimic_s3,3,1.08,0.264,319.9,2.202,1.647,1.772,3.845,333.6,88.06,8.5,59.0
mimic_s3,3,1.34,0.255,350.2,2.325,1.812,1.740,4.045,363.7,92.74,10.3,60.0
mimic_s3,3,1.59,0.255,330.9,2.372,1.715,1.729,4.093,346.9,88.47,10.6,60.4
mimic_s3,3,1.84,0.252,329.7,2.264,1.694,1.759,3.902,339.4,85.53,8.8,59.5
mimic_s3,3,2.09,0.246,344.6,2.332,1.781,1.740,4.108,359.7,88.47,9.9,60.0
mimic_s3,3,2.34,0.249,334.5,2.377,1.723,1.728,4.069,343.5,85.52,10.8,60.5
mimic_s3,3,2.59,0.249,334.6,2.266,1.730,1.764,4.044,349.2,86.96,8.4,59.4
mimic_s3,3,2.84,0.252,340.1,2.346,1.763,1.739,4.079,353.3,89.03,9.8,60.1
mimic_s3,3,3.09,0.252,335.5,2.338,1.723,1.740,3.982,344.9,86.93,9.7,60.1
mimic_s3,3,3.34,0.246,336.5,2.323,1.726,1.742,4.138,347.9,85.57,9.7,60.0
mimic_s3,3,3.59,0.252,338.7,2.334,1.747,1.741,4.051,353.1,88.97,9.8,60.1
mimic_s3,3,3.84,0.249,337.4,2.331,1.735,1.741,4.009,344.6,85.81,9.8,60.0
mimic_s3,3,4.09,0.246,337.1,2.338,1.733,1.739,4.114,351.1,86.38,9.8,60.1
mimic_s3,3,4.33,0.249,338.3,2.335,1.744,1.740,4.015,348.9,86.87,9.8,60.1
mimic_s3,3,4.58,0.246,336.6,2.332,1.727,1.740,4.066,349.0,85.86,9.8,60.1
mimic_s3,3,4.83,0.246,337.2,2.331,1.735,1.740,4.054,351.2,86.39,9.7,60.0
mimic_s3,4,0.27,0.272,356.5,2.535,1.850,1.685,4.182,380.6,103.60,13.5,61.7
mimic_s3,4,0.54,0.263,316.2,1.987,1.640,1.836,3.418,338.3,89.10,6.1,57.0
mimic_s3,4,0.77,0.237,341.5,2.476,1.772,1.700,4.448,357.8,84.80,12.6,61.2
mimic_s3,4,1.03,0.258,317.9,2.121,1.640,1.797,3.790,339.8,87.67,7.2,58.2
mimic_s3,4,1.29,0.258,347.1,2.333,1.796,1.738,4.008,362.5,93.53,10.3,60.1
mimic_s3,4,1.54,0.255,321.4,2.301,1.659,1.748,4.070,339.5,86.58,9.5,59.8
mimic_s3,4,1.80,0.258,329.8,2.191,1.703,1.782,3.905,349.3,90.10,7.6,58.8
mimic_s3,4,2.06,0.258,339.9,2.324,1.752,1.741,3.894,354.7,91.51,9.9,60.0
mimic_s3,4,2.31,0.246,326.8,2.284,1.682,1.757,4.013,345.4,84.97,8.7,59.6
mimic_s3,4,2.55,0.246,332.1,2.228,1.716,1.773,3.950,350.1,86.13,7.8,59.1
mimic_s3,4,2.80,0.246,336.0,2.311,1.738,1.749,4.011,349.4,85.96,9.2,59.8
mimic_s3,4,3.04,0.243,326.9,2.215,1.696,1.780,3.975,348.2,84.60,7.2,58.9
mimic_s3,4,3.29,0.246,335.3,2.303,1.723,1.749,4.029,348.7,85.78,9.3,59.8
mimic_s3,4,3.53,0.246,330.0,2.278,1.696,1.756,4.001,348.1,85.64,8.8,59.6
mimic_s3,4,3.78,0.246,334.3,2.275,1.715,1.756,3.994,351.5,86.48,8.9,59.6
mimic_s3,4,4.02,0.246,333.4,2.304,1.709,1.746,4.023,347.1,85.39,9.5,59.9
mimic_s3,4,4.27,0.246,332.3,2.265,1.696,1.759,3.985,350.3,86.16,8.7,59.5
mimic_s3,4,4.52,0.246,332.9,2.302,1.708,1.746,4.028,349.6,86.00,9.5,59.8
mimic_s3,4,4.76,0.248,333.2,2.285,1.697,1.751,4.017,348.9,86.53,9.3,59.7
mimic_s3,5,0.29,0.286,353.7,2.497,1.827,1.693,4.083,376.1,107.48,13.1,61.4
mimic_s3,5,0.55,0.266,308.0,1.989,1.595,1.835,3.660,333.1,88.69,6.2,57.0
mimic_s3,5,0.82,0.267,345.3,2.407,1.784,1.716,4.087,366.6,97.87,11.7,60.7
mimic_s3,5,1.08,0.264,309.7,2.130,1.600,1.794,3.698,331.4,87.48,7.4,58.3
mimic_s3,5,1.33,0.246,343.6,2.241,1.776,1.763,3.981,366.9,90.26,9.0,59.3
mimic_s3,5,1.58,0.249,323.9,2.320,1.668,1.742,4.041,340.9,84.89,10.0,60.0
mimic_s3,5,1.83,0.249,323.0,2.132,1.666,1.801,3.838,345.3,86.00,6.5,58.2
mimic_s3,5,2.08,0.249,336.9,2.301,1.739,1.749,3.898,358.9,89.36,9.3,59.7
mimic_s3,5,2.32,0.240,323.0,2.248,1.655,1.765,3.919,339.0,81.34,8.3,59.3
mimic_s3,5,2.55,0.237,331.0,2.207,1.707,1.777,3.899,352.3,83.52,7.6,59.0
mimic_s3,5,2.79,0.234,333.7,2.293,1.721,1.753,4.098,355.8,83.23,8.9,59.7
mimic_s3,5,3.03,0.240,324.7,2.214,1.673,1.775,3.881,339.7,81.54,7.7,59.0
mimic_s3,5,3.26,0.237,333.4,2.281,1.698,1.753,4.050,356.8,84.56,9.2,59.7
mimic_s3,5,3.50,0.240,327.1,2.222,1.696,1.777,3.871,342.2,82.11,7.5,59.0
mimic_s3,5,3.74,0.234,333.0,2.279,1.696,1.753,4.007,352.9,82.59,9.1,59.7
mimic_s3,5,3.98,0.237,328.4,2.247,1.696,1.764,4.002,349.2,82.77,8.2,59.2
mimic_s3,5,4.21,0.236,330.4,2.231,1.696,1.772,3.921,347.7,82.04,7.8,59.1
mimic_s3,5,4.44,0.234,329.3,2.266,1.696,1.759,3.986,348.4,81.53,8.8,59.5
mimic_s3,5,4.68,0.234,332.9,2.265,1.696,1.759,3.984,351.7,82.29,8.8,59.5
mimic_s3,5,4.91,0.234,326.0,2.217,1.696,1.778,3.942,346.6,81.11,7.3,58.9
mimic_s4,1,0.29,0.289,325.4,2.435,1.796,1.861,4.344,376.4,108.71,6.7,59.3
mimic_s4,1,0.56,0.269,272.8,1.946,1.534,2.012,3.865,324.1,87.26,2.8,54.1
mimic_s4,1,0.82,0.267,319.2,2.343,1.790,1.879,4.403,376.3,100.45,6.2,58.8
mimic_s4,1,1.09,0.267,279.8,2.125,1.567,1.958,4.135,329.7,88.02,3.4,56.0
mimic_s4,1,1.35,0.261,306.8,2.143,1.724,1.950,4.171,356.9,93.14,3.5,56.5
mimic_s4,1,1.61,0.261,300.1,2.280,1.673,1.910,4.308,352.1,91.90,4.6,57.8
mimic_s4,1,1.87,0.258,290.5,2.125,1.626,1.970,4.253,338.4,87.29,2.3,55.8
mimic_s4,1,2.14,0.264,305.5,2.199,1.712,1.940,4.196,357.7,94.45,3.3,56.8
mimic_s4,1,2.39,0.258,300.3,2.243,1.670,1.930,4.327,350.6,90.51,3.5,57.2
mimic_s4,1,2.65,0.258,296.4,2.168,1.642,1.956,4.228,341.7,88.10,2.6,56.3
mimic_s4,1,2.91,0.255,303.9,2.197,1.686,1.949,4.284,354.5,90.39,2.9,56.6
mimic_s4,1,3.16,0.255,301.7,2.206,1.675,1.953,4.310,347.2,88.53,2.6,56.4
mimic_s4,1,3.42,0.255,299.6,2.190,1.670,1.958,4.263,348.5,88.89,2.4,56.2
mimic_s4,1,3.67,0.252,301.6,2.178,1.676,1.965,4.306,349.1,87.96,2.2,56.1
mimic_s4,1,3.92,0.255,301.0,2.172,1.682,1.966,4.270,348.5,88.86,2.1,56.0
mimic_s4,1,4.18,0.255,302.3,2.205,1.686,1.958,4.318,350.8,89.45,2.4,56.3
mimic_s4,1,4.43,0.255,300.4,2.177,1.676,1.965,4.278,349.4,89.14,2.2,56.0
mimic_s4,1,4.69,0.254,303.1,2.202,1.696,1.958,4.249,349.5,88.72,2.3,56.2
mimic_s4,1,4.93,0.246,301.3,2.176,1.684,1.966,4.226,347.3,85.44,2.1,56.0
mimic_s4,1,5.18,0.243,300.6,2.184,1.678,1.963,4.341,349.9,85.01,2.2,56.0
mimic_s4,1,5.42,0.246,301.8,2.193,1.693,1.962,4.301,350.7,86.27,2.1,56.0
mimic_s4,2,0.29,0.286,337.7,2.527,1.854,1.888,4.713,381.9,109.24,4.8,58.4
mimic_s4,2,0.56,0.278,297.3,2.065,1.628,2.017,4.110,332.4,92.51,2.1,54.1
mimic_s4,2,0.83,0.270,329.8,2.421,1.810,1.915,4.630,369.2,99.68,4.1,57.5
mimic_s4,2,1.10,0.267,296.8,2.227,1.620,1.967,4.256,329.0,87.85,2.7,55.7
mimic_s4,2,1.36,0.255,322.0,2.224,1.762,1.975,4.392,360.1,91.83,2.4,55.6
mimic_s4,2,1.61,0.255,315.5,2.368,1.726,1.932,4.608,354.3,90.35,3.3,57.0
mimic_s4,2,1.87,0.258,306.9,2.251,1.669,1.966,4.365,336.6,86.84,2.4,55.9
mimic_s4,2,2.12,0.252,320.1,2.270,1.750,1.961,4.348,358.6,90.36,2.4,56.0
mimic_s4,2,2.37,0.246,314.2,2.331,1.725,1.944,4.446,346.5,85.25,2.6,56.5
mimic_s4,2,2.61,0.240,311.1,2.218,1.711,1.984,4.400,347.9,83.47,1.7,55.4
mimic_s4,2,2.85,0.240,317.3,2.316,1.739,1.951,4.575,354.0,84.95,2.6,56.5
mimic_s4,2,3.09,0.243,311.8,2.288,1.703,1.960,4.429,343.1,83.37,2.4,56.2
mimic_s4,2,3.33,0.240,316.1,2.285,1.726,1.956,4.524,351.2,84.30,2.4,56.2
mimic_s4,2,3.57,0.243,317.3,2.320,1.723,1.947,4.461,347.8,84.51,2.8,56.6
mimic_s4,2,3.81,0.240,315.6,2.310,1.708,1.947,4.497,350.1,84.03,2.7,56.5
mimic_s4,2,4.05,0.240,316.2,2.309,1.714,1.948,4.553,351.0,84.24,2.7,56.5
mimic_s4,2,4.30,0.243,315.6,2.313,1.708,1.946,4.446,344.7,83.76,2.7,56.5
mimic_s4,2,4.54,0.240,316.6,2.314,1.718,1.945,4.560,350.7,84.17,2.7,56.5
mimic_s4,2,4.78,0.246,316.0,2.313,1.716,1.945,4.553,351.1,86.36,2.8,56.5
mimic_s4,2,5.03,0.249,315.6,2.308,1.709,1.948,4.405,347.7,86.57,2.8,56.6
mimic_s4,3,0.29,0.292,337.9,2.521,1.855,1.890,4.721,376.5,109.83,4.8,58.4
mimic_s4,3,0.58,0.287,295.4,2.094,1.625,2.006,4.179,333.0,95.69,2.3,54.4
mimic_s4,3,0.86,0.282,333.5,2.362,1.828,1.933,4.490,371.4,104.73,3.8,57.1
mimic_s4,3,1.14,0.276,301.1,2.304,1.648,1.947,4.499,338.0,93.30,3.4,56.5
mimic_s4,3,1.41,0.276,311.2,2.194,1.708,1.985,4.354,344.2,94.99,2.1,55.3
mimic_s4,3,1.69,0.276,322.3,2.307,1.763,1.951,4.502,359.4,99.19,3.0,56.5
mimic_s4,3,1.97,0.276,311.7,2.348,1.698,1.937,4.317,345.5,95.34,3.2,56.9
mimic_s4,3,2.22,0.255,309.4,2.238,1.683,1.973,4.300,345.0,87.98,2.2,55.9
mimic_s4,3,2.46,0.243,322.0,2.301,1.759,1.953,4.450,352.9,85.77,2.7,56.4
mimic_s4,3,2.70,0.240,312.9,2.318,1.713,1.953,4.544,349.3,83.83,2.6,56.5
mimic_s4,3,2.94,0.240,313.2,2.238,1.719,1.977,4.424,348.7,83.68,1.9,55.7
mimic_s4,3,3.18,0.240,317.6,2.310,1.739,1.951,4.505,348.5,83.64,2.5,56.3
mimic_s4,3,3.42,0.240,311.0,2.285,1.704,1.961,4.482,346.7,83.21,2.3,56.2
mimic_s4,3,3.66,0.240,315.6,2.275,1.729,1.962,4.464,351.6,84.38,2.3,56.1
mimic_s4,3,3.90,0.240,317.6,2.324,1.728,1.945,4.520,348.8,83.70,2.8,56.6
mimic_s4,3,4.14,0.240,315.2,2.315,1.701,1.947,4.509,348.2,83.56,2.7,56.6
mimic_s4,3,4.38,0.240,316.5,2.299,1.717,1.949,4.479,348.3,83.60,2.7,56.4
mimic_s4,3,4.62,0.240,316.5,2.318,1.720,1.946,4.506,351.2,84.31,2.7,56.5
mimic_s4,3,4.86,0.238,317.0,2.317,1.719,1.947,4.492,348.5,82.94,2.7,56.6
mimic_s4,3,5.10,0.237,316.1,2.312,1.712,1.948,4.502,347.5,82.36,2.7,56.5
mimic_s4,4,0.29,0.290,333.7,2.480,1.822,1.899,4.657,376.6,109.08,4.6,58.1
mimic_s4,4,0.57,0.278,287.6,2.020,1.582,2.028,4.032,328.9,91.54,2.1,53.6
mimic_s4,4,0.84,0.270,331.9,2.365,1.813,1.930,4.565,372.2,100.50,3.8,57.1
mimic_s4,4,1.11,0.270,291.7,2.194,1.604,1.979,4.320,333.8,90.12,2.5,55.3
mimic_s4,4,1.37,0.267,313.6,2.157,1.716,1.994,4.301,351.4,93.83,2.0,55.0
mimic_s4,4,1.64,0.267,316.7,2.317,1.730,1.947,4.512,358.0,95.58,3.0,56.6
mimic_s4,4,1.91,0.267,301.7,2.241,1.653,1.969,4.349,341.4,91.17,2.3,55.7
mimic_s4,4,2.17,0.263,310.9,2.191,1.692,1.983,4.149,348.9,91.76,1.8,55.3
mimic_s4,4,2.42,0.246,315.3,2.276,1.727,1.960,4.462,355.2,87.38,2.3,56.1
mimic_s4,4,2.66,0.246,306.9,2.256,1.671,1.968,4.440,342.7,84.30,2.2,56.0
mimic_s4,4,2.91,0.246,309.4,2.204,1.692,1.982,4.370,349.6,86.01,1.8,55.4
mimic_s4,4,3.16,0.246,314.8,2.287,1.712,1.958,4.248,351.1,86.36,2.5,56.3
mimic_s4,4,3.38,0.228,306.3,2.193,1.689,1.990,4.605,347.4,79.20,1.5,55.1
mimic_s4,4,3.63,0.246,311.9,2.263,1.696,1.963,4.375,349.7,86.01,2.3,56.0
mimic_s4,4,3.87,0.240,308.3,2.229,1.696,1.978,4.459,346.9,83.27,1.9,55.6
mimic_s4,4,4.11,0.240,313.1,2.253,1.696,1.967,4.397,352.9,84.69,2.2,55.9
mimic_s4,4,4.34,0.234,309.5,2.249,1.696,1.969,4.374,346.5,81.06,2.1,55.9
mimic_s4,4,4.57,0.231,309.5,2.218,1.696,1.981,4.450,348.9,80.60,1.8,55.4
mimic_s4,4,4.81,0.234,308.9,2.222,1.696,1.979,4.397,350.0,81.92,1.8,55.4
mimic_s4,4,5.04,0.234,311.1,2.244,1.696,1.970,4.366,347.4,81.28,2.1,55.7
mimic_s4,4,5.27,0.231,310.8,2.246,1.696,1.970,4.482,350.3,80.92,2.1,55.8
mimic_s4,5,0.29,0.290,306.8,2.677,1.603,1.635,4.241,370.6,107.48,38.9,64.7
mimic_s4,5,0.57,0.275,294.6,2.040,1.590,1.981,3.990,347.5,95.67,8.0,54.6
mimic_s4,5,0.84,0.270,309.0,2.396,1.695,1.920,4.588,352.2,95.11,4.0,57.3
mimic_s4,5,1.10,0.264,293.8,2.041,1.612,2.027,4.016,337.1,89.00,1.5,53.6
mimic_s4,5,1.35,0.255,322.2,2.287,1.765,1.953,4.456,364.0,92.81,2.9,56.3
mimic_s4,5,1.61,0.252,296.9,2.240,1.621,1.966,4.405,338.8,85.38,2.5,55.8
mimic_s4,5,1.86,0.255,308.2,2.125,1.687,2.007,4.265,349.0,89.00,1.5,54.5
mimic_s4,5,2.12,0.255,312.6,2.275,1.716,1.963,4.496,358.0,91.29,2.4,56.1
mimic_s4,5,2.37,0.252,298.1,2.173,1.630,1.991,4.276,338.3,85.26,1.7,55.0
mimic_s4,5,2.62,0.249,312.2,2.193,1.706,1.984,4.404,355.5,88.52,1.8,55.3
mimic_s4,5,2.87,0.252,310.4,2.265,1.690,1.965,4.450,352.2,88.75,2.3,56.1
mimic_s4,5,3.12,0.252,303.8,2.198,1.654,1.982,4.306,340.6,85.83,1.8,55.4
mimic_s4,5,3.37,0.249,312.7,2.217,1.696,1.976,4.433,356.4,88.74,2.0,55.6
mimic_s4,5,3.62,0.252,304.9,2.244,1.655,1.965,4.409,346.8,87.40,2.2,55.8
mimic_s4,5,3.87,0.252,308.1,2.191,1.673,1.987,4.369,347.5,87.57,1.7,55.2
mimic_s4,5,4.13,0.251,309.4,2.231,1.693,1.976,4.305,349.3,87.66,1.9,55.6
mimic_s4,5,4.37,0.240,305.6,2.187,1.682,1.992,4.357,348.0,83.51,1.5,55.1
mimic_s4,5,4.61,0.240,309.0,2.197,1.696,1.987,4.419,354.0,84.97,1.7,55.3
mimic_s4,5,4.85,0.243,306.9,2.236,1.672,1.972,4.357,344.4,83.69,2.0,55.7
mimic_s4,5,5.09,0.240,306.3,2.185,1.676,1.993,4.353,348.6,83.67,1.6,55.2
mimic_s4,5,5.33,0.240,310.3,2.230,1.696,1.976,4.460,353.6,84.86,1.9,55.6
mimic_s5_keysddr,1,0.12,0.116,273.5,2.567,1.939,1.590,7.243,386.9,44.71,3.2,61.5
mimic_s5_keysddr,1,0.40,0.281,297.3,2.396,1.848,1.700,4.014,377.6,106.22,2.9,62.7
mimic_s5_keysddr,1,0.67,0.276,257.4,2.149,1.571,1.779,3.814,320.2,88.39,2.1,60.7
mimic_s5_keysddr,1,0.94,0.270,291.3,2.236,1.796,1.755,3.925,369.3,99.69,2.2,61.4
mimic_s5_keysddr,1,1.22,0.273,275.0,2.349,1.684,1.723,4.047,346.3,94.54,2.6,62.3
mimic_s5_keysddr,1,1.49,0.273,272.5,2.205,1.666,1.769,3.901,338.4,92.37,1.8,61.0
mimic_s5_keysddr,1,1.76,0.273,286.0,2.259,1.750,1.750,3.954,358.4,97.84,2.1,61.5
mimic_s5_keysddr,1,2.03,0.273,279.4,2.346,1.706,1.722,3.745,348.8,95.21,2.4,62.2
mimic_s5_keysddr,1,2.28,0.246,275.3,2.221,1.678,1.766,3.923,340.8,83.83,1.7,61.2
mimic_s5_keysddr,1,2.53,0.246,285.1,2.291,1.754,1.746,4.000,357.9,88.03,2.0,61.7
mimic_s5_keysddr,1,2.77,0.246,277.7,2.291,1.702,1.743,4.041,346.6,85.25,2.0,61.6
mimic_s5_keysddr,1,3.02,0.249,279.2,2.221,1.716,1.769,3.882,345.5,86.05,1.6,61.1
mimic_s5_keysddr,1,3.27,0.246,282.3,2.311,1.736,1.738,4.065,354.8,87.26,2.1,61.9
mimic_s5_keysddr,1,3.52,0.249,277.4,2.264,1.696,1.754,3.924,342.1,85.19,1.8,61.5
mimic_s5_keysddr,1,3.76,0.246,283.1,2.281,1.735,1.747,3.985,353.3,86.93,2.0,61.7
mimic_s5_keysddr,1,4.01,0.246,281.7,2.316,1.724,1.733,3.979,350.5,86.23,2.2,62.0
mimic_s5_keysddr,1,4.24,0.236,279.1,2.271,1.696,1.749,3.938,346.4,81.75,2.0,61.7
mimic_s5_keysddr,1,4.48,0.234,283.2,2.319,1.726,1.731,4.065,352.2,82.41,2.2,62.0
mimic_s5_keysddr,1,4.72,0.237,280.5,2.309,1.696,1.733,3.951,343.4,81.40,2.2,62.0
mimic_s5_keysddr,1,4.95,0.234,282.9,2.306,1.722,1.734,4.000,352.2,82.40,2.2,62.0
mimic_s5_keysddr,1,5.18,0.234,282.2,2.313,1.715,1.733,4.059,350.2,81.94,2.2,62.1
mimic_s5_keysddr,1,5.42,0.237,280.6,2.304,1.696,1.734,3.946,344.6,81.65,2.2,62.0
mimic_s5_keysddr,1,5.65,0.234,282.4,2.314,1.718,1.732,4.009,351.8,82.34,2.2,62.0
mimic_s5_keysddr,1,5.89,0.234,282.1,2.315,1.714,1.732,4.059,350.2,81.95,2.2,62.0
mimic_s5_keysddr,2,0.11,0.113,273.1,2.622,1.977,1.563,6.560,376.6,42.74,3.4,61.2
mimic_s5_keysddr,2,0.36,0.246,301.4,2.575,1.892,1.657,4.220,380.0,93.51,3.4,63.9
mimic_s5_keysddr,2,0.60,0.243,268.4,2.058,1.646,1.812,3.775,333.4,81.01,1.6,59.8
mimic_s5_keysddr,2,0.85,0.246,293.3,2.528,1.819,1.672,4.175,360.4,88.67,3.4,63.6
mimic_s5_keysddr,2,1.09,0.241,270.4,2.147,1.648,1.786,3.837,334.5,80.62,1.8,60.6
mimic_s5_keysddr,2,1.33,0.240,296.5,2.432,1.832,1.696,4.127,369.9,88.77,3.1,62.9
mimic_s5_keysddr,2,1.57,0.240,273.4,2.313,1.670,1.734,3.942,331.3,79.52,2.3,61.9
mimic_s5_keysddr,2,1.80,0.234,287.5,2.275,1.769,1.747,4.025,356.5,83.43,2.1,61.7
mimic_s5_keysddr,2,2.04,0.237,287.6,2.421,1.768,1.701,4.134,352.9,83.62,2.8,62.7
mimic_s5_keysddr,2,2.28,0.237,277.1,2.283,1.693,1.744,3.981,340.2,80.63,2.1,61.7
mimic_s5_keysddr,2,2.51,0.237,290.5,2.350,1.782,1.724,4.001,355.4,84.20,2.4,62.2
mimic_s5_keysddr,2,2.75,0.234,281.9,2.375,1.731,1.714,4.122,347.0,81.22,2.5,62.4
mimic_s5_keysddr,2,2.99,0.237,284.3,2.291,1.744,1.744,3.996,350.0,82.96,2.0,61.7
mimic_s5_keysddr,2,3.22,0.237,287.9,2.389,1.769,1.710,4.034,350.3,83.02,2.5,62.5
mimic_s5_keysddr,2,3.46,0.234,280.4,2.314,1.712,1.737,4.072,344.8,80.67,2.2,62.0
mimic_s5_keysddr,2,3.69,0.237,287.2,2.342,1.763,1.725,4.039,353.6,83.81,2.3,62.2
mimic_s5_keysddr,2,3.93,0.237,284.7,2.365,1.747,1.721,4.069,346.2,82.06,2.3,62.2
mimic_s5_keysddr,2,4.17,0.237,283.5,2.333,1.729,1.728,4.033,349.5,82.84,2.3,62.2
mimic_s5_keysddr,2,4.40,0.237,286.2,2.335,1.762,1.727,3.983,346.6,82.15,2.3,62.1
mimic_s5_keysddr,2,4.64,0.234,285.0,2.350,1.749,1.724,4.171,351.8,82.32,2.3,62.2
mimic_s5_keysddr,2,4.89,0.247,284.3,2.350,1.740,1.725,4.038,350.0,86.44,2.3,62.2
mimic_s5_keysddr,2,5.13,0.246,286.0,2.349,1.761,1.724,4.048,347.6,85.50,2.2,62.1
mimic_s5_keysddr,2,5.38,0.246,284.4,2.347,1.742,1.725,4.048,348.5,85.74,2.3,62.2
mimic_s5_keysddr,2,5.62,0.246,284.7,2.338,1.745,1.725,4.035,349.9,86.08,2.3,62.1
mimic_s5_keysddr,3,0.11,0.113,262.0,2.687,1.738,1.428,7.064,375.4,42.27,28.2,66.9
mimic_s5_keysddr,3,0.41,0.293,272.0,2.685,1.608,1.439,3.725,358.1,105.07,33.8,69.2
mimic_s5_keysddr,3,0.67,0.263,272.0,2.644,1.604,1.493,4.027,359.3,94.49,27.4,67.9
mimic_s5_keysddr,3,0.95,0.283,269.4,2.125,1.648,1.788,3.787,337.7,95.58,2.3,60.5
mimic_s5_keysddr,3,1.23,0.282,294.0,2.403,1.824,1.705,4.048,368.1,103.81,2.9,62.6
mimic_s5_keysddr,3,1.51,0.276,272.6,2.320,1.664,1.730,3.952,333.3,91.99,2.6,62.1
mimic_s5_keysddr,3,1.78,0.270,281.0,2.242,1.718,1.758,3.961,350.3,94.57,2.0,61.4
mimic_s5_keysddr,3,2.05,0.273,288.9,2.344,1.781,1.723,3.785,356.3,97.26,2.4,62.2
mimic_s5_keysddr,3,2.30,0.249,280.1,2.371,1.707,1.715,4.113,345.8,86.11,2.6,62.5
mimic_s5_keysddr,3,2.55,0.252,283.4,2.259,1.738,1.757,3.923,347.1,87.46,1.9,61.5
mimic_s5_keysddr,3,2.80,0.249,285.7,2.370,1.755,1.718,4.071,353.7,88.07,2.5,62.4
mimic_s5_keysddr,3,3.05,0.249,280.1,2.301,1.714,1.742,4.008,342.5,85.28,2.0,61.8
mimic_s5_keysddr,3,3.30,0.249,284.7,2.309,1.751,1.737,4.012,352.6,87.81,2.1,61.9
mimic_s5_keysddr,3,3.55,0.249,285.1,2.344,1.751,1.727,4.097,352.9,87.86,2.3,62.2
mimic_s5_keysddr,3,3.80,0.252,283.1,2.333,1.724,1.729,3.986,345.2,87.01,2.3,62.2
mimic_s5_keysddr,3,4.05,0.249,282.8,2.330,1.722,1.728,4.028,347.4,86.50,2.2,62.1
mimic_s5_keysddr,3,4.30,0.249,284.1,2.333,1.738,1.729,4.065,351.4,87.50,2.3,62.2
mimic_s5_keysddr,3,4.55,0.249,285.0,2.331,1.748,1.728,3.915,348.0,86.64,2.2,62.1
mimic_s5_keysddr,3,4.78,0.234,282.6,2.333,1.721,1.729,4.033,347.6,81.34,2.3,62.2
mimic_s5_keysddr,3,5.02,0.234,284.2,2.328,1.738,1.729,4.025,350.0,81.90,2.3,62.1
mimic_s5_keysddr,3,5.25,0.234,283.6,2.333,1.732,1.728,4.031,350.7,82.07,2.3,62.2
mimic_s5_keysddr,3,5.48,0.234,283.8,2.333,1.732,1.728,4.065,349.8,81.85,2.3,62.1
mimic_s5_keysddr,3,5.72,0.234,283.7,2.333,1.735,1.729,3.997,345.8,80.92,2.3,62.1
mimic_s5_keysddr,4,0.11,0.112,274.1,2.568,1.942,1.590,7.186,388.9,43.68,3.2,61.5
mimic_s5_keysddr,4,0.39,0.281,297.2,2.393,1.845,1.701,4.068,375.5,105.63,3.0,62.7
mimic_s5_keysddr,4,0.68,0.282,256.9,2.143,1.569,1.781,3.816,321.9,90.76,2.1,60.6
mimic_s5_keysddr,4,0.96,0.282,290.5,2.230,1.791,1.755,3.898,367.5,103.63,2.2,61.3
mimic_s5_keysddr,4,1.24,0.278,274.0,2.350,1.682,1.720,3.991,344.2,95.70,2.6,62.3
mimic_s5_keysddr,4,1.51,0.276,271.4,2.191,1.656,1.774,3.965,342.1,94.43,1.8,60.9
mimic_s5_keysddr,4,1.79,0.282,283.7,2.228,1.738,1.761,3.883,354.6,99.98,1.9,61.2
mimic_s5_keysddr,4,2.07,0.279,281.1,2.342,1.723,1.721,3.816,351.8,98.16,2.4,62.1
mimic_s5_keysddr,4,2.33,0.255,273.2,2.233,1.657,1.762,3.980,342.9,87.44,1.8,61.3
mimic_s5_keysddr,4,2.59,0.258,282.8,2.246,1.740,1.759,3.905,350.9,90.54,1.8,61.4
mimic_s5_keysddr,4,2.84,0.255,280.5,2.295,1.720,1.743,4.069,354.7,90.45,2.0,61.7
mimic_s5_keysddr,4,3.10,0.258,275.6,2.251,1.684,1.757,3.915,341.0,87.99,1.8,61.4
mimic_s5_keysddr,4,3.36,0.258,281.6,2.252,1.730,1.758,4.006,353.1,91.09,1.8,61.4
mimic_s5_keysddr,4,3.62,0.261,281.0,2.301,1.719,1.738,3.953,348.8,91.04,2.1,61.9
mimic_s5_keysddr,4,3.88,0.258,278.8,2.274,1.696,1.746,3.947,347.0,89.53,2.0,61.7
mimic_s5_keysddr,4,4.12,0.245,281.1,2.285,1.705,1.740,3.874,350.2,85.80,2.1,61.7
mimic_s5_keysddr,4,4.35,0.231,279.2,2.297,1.696,1.736,3.989,349.8,80.80,2.1,61.9
mimic_s5_keysddr,4,4.58,0.231,281.9,2.300,1.711,1.736,3.991,347.6,80.29,2.2,62.0
mimic_s5_keysddr,4,4.81,0.231,280.4,2.295,1.696,1.736,3.983,349.1,80.64,2.2,61.9
mimic_s5_keysddr,4,5.04,0.231,280.6,2.295,1.696,1.737,3.985,350.8,81.05,2.2,61.9
mimic_s5_keysddr,4,5.28,0.231,279.5,2.259,1.696,1.752,3.958,346.0,79.93,1.9,61.5
mimic_s5_keysddr,4,5.51,0.231,280.7,2.305,1.710,1.734,3.999,351.8,81.26,2.2,62.0
mimic_s5_keysddr,4,5.74,0.231,280.7,2.288,1.696,1.740,3.980,350.0,80.86,2.2,61.9
mimic_s5_keysddr,4,5.97,0.231,279.8,2.287,1.696,1.739,3.978,346.3,80.01,2.2,61.9
mimic_s5_keysddr,5,0.11,0.112,272.8,2.564,1.939,1.591,7.369,379.1,42.51,3.2,61.5
mimic_s5_keysddr,5,0.40,0.285,296.9,2.369,1.840,1.709,4.020,377.3,107.66,2.9,62.6
mimic_s5_keysddr,5,0.68,0.282,258.3,2.170,1.576,1.774,3.815,324.1,91.39,2.2,60.9
mimic_s5_keysddr,5,0.96,0.279,289.1,2.212,1.781,1.761,3.897,367.3,102.46,2.2,61.1
mimic_s5_keysddr,5,1.24,0.279,275.7,2.354,1.693,1.718,4.045,347.9,97.08,2.6,62.3
mimic_s5_keysddr,5,1.52,0.279,270.2,2.195,1.647,1.772,3.890,337.4,94.13,1.8,61.0
mimic_s5_keysddr,5,1.80,0.279,284.0,2.233,1.741,1.762,3.933,356.8,99.53,2.0,61.3
mimic_s5_keysddr,5,2.07,0.279,282.1,2.342,1.727,1.723,3.686,352.0,98.20,2.4,62.2
mimic_s5_keysddr,5,2.32,0.249,273.6,2.237,1.660,1.761,3.986,341.5,85.06,1.8,61.3
mimic_s5_keysddr,5,2.58,0.252,282.0,2.240,1.734,1.761,3.899,351.8,88.63,1.8,61.3
mimic_s5_keysddr,5,2.82,0.249,280.9,2.306,1.722,1.740,4.061,352.4,87.76,2.1,61.9
mimic_s5_keysddr,5,3.08,0.252,277.0,2.238,1.696,1.764,3.891,341.9,86.14,1.7,61.3
mimic_s5_keysddr,5,3.32,0.246,282.4,2.284,1.726,1.745,3.998,353.6,87.00,2.0,61.7
mimic_s5_keysddr,5,3.57,0.249,280.1,2.298,1.714,1.739,4.044,350.2,87.20,2.1,61.9
mimic_s5_keysddr,5,3.82,0.252,279.1,2.261,1.698,1.752,3.914,344.2,86.74,2.0,61.6
mimic_s5_keysddr,5,4.07,0.249,281.5,2.309,1.710,1.732,3.904,351.9,87.62,2.2,62.0
mimic_s5_keysddr,5,4.30,0.230,280.7,2.301,1.696,1.735,4.053,346.7,79.73,2.2,62.0
mimic_s5_keysddr,5,4.54,0.234,281.5,2.303,1.708,1.734,3.994,352.3,82.45,2.2,62.0
mimic_s5_keysddr,5,4.77,0.234,281.7,2.304,1.708,1.736,3.999,346.5,81.08,2.3,62.1
mimic_s5_keysddr,5,5.00,0.234,280.8,2.296,1.698,1.734,3.982,350.4,82.00,2.2,61.9
mimic_s5_keysddr,5,5.24,0.234,280.4,2.305,1.696,1.734,3.997,349.5,81.79,2.2,62.0
mimic_s5_keysddr,5,5.47,0.234,281.6,2.297,1.709,1.735,3.986,346.5,81.09,2.2,61.9
mimic_s5_keysddr,5,5.71,0.234,280.4,2.298,1.696,1.736,3.989,352.0,82.36,2.2,61.9
mimic_s5_keysddr,5,5.94,0.234,281.4,2.300,1.704,1.735,3.990,345.2,80.77,2.2,62.0
mimic_s5_keyshbm,1,0.29,0.287,324.5,2.501,1.847,1.629,4.037,380.9,109.37,3.7,62.4
mimic_s5_keyshbm,1,0.57,0.278,284.1,2.024,1.599,1.786,3.587,328.0,91.27,1.8,58.7
mimic_s5_keyshbm,1,0.84,0.279,317.4,2.388,1.811,1.661,3.935,369.7,103.15,3.3,61.5
mimic_s5_keyshbm,1,1.12,0.276,290.4,2.236,1.618,1.720,3.807,334.3,92.25,2.4,60.5
mimic_s5_keyshbm,1,1.39,0.273,306.5,2.174,1.734,1.743,3.815,356.2,97.23,1.9,60.0
mimic_s5_keyshbm,1,1.67,0.273,308.4,2.341,1.741,1.685,3.884,351.4,95.94,2.7,61.2
mimic_s5_keyshbm,1,1.94,0.270,297.7,2.268,1.661,1.713,3.848,343.6,92.76,2.3,60.7
mimic_s5_keyshbm,1,2.20,0.263,306.9,2.229,1.717,1.727,3.757,348.1,91.57,2.0,60.4
mimic_s5_keyshbm,1,2.45,0.255,308.4,2.305,1.738,1.706,3.977,356.0,90.77,2.2,60.9
mimic_s5_keyshbm,1,2.71,0.258,300.4,2.260,1.676,1.720,3.844,344.8,88.96,2.0,60.6
mimic_s5_keyshbm,1,2.97,0.255,307.7,2.241,1.735,1.730,3.859,347.9,88.72,1.8,60.4
mimic_s5_keyshbm,1,3.22,0.252,306.2,2.303,1.724,1.706,3.975,351.5,88.57,2.2,60.9
mimic_s5_keyshbm,1,3.47,0.255,303.7,2.253,1.701,1.725,3.885,348.2,88.80,1.9,60.5
mimic_s5_keyshbm,1,3.73,0.255,307.9,2.271,1.722,1.718,3.856,348.8,88.95,2.1,60.7
mimic_s5_keyshbm,1,3.98,0.252,306.4,2.304,1.721,1.704,3.974,352.2,88.76,2.3,61.0
mimic_s5_keyshbm,1,4.24,0.255,305.0,2.282,1.696,1.710,3.854,343.4,87.60,2.2,60.8
mimic_s5_keyshbm,1,4.49,0.252,307.7,2.306,1.715,1.699,3.906,350.8,88.38,2.3,61.0
mimic_s5_keyshbm,1,4.73,0.246,307.4,2.309,1.710,1.700,3.915,351.3,86.43,2.4,61.0
mimic_s5_keyshbm,1,4.98,0.246,306.3,2.299,1.696,1.703,3.907,346.2,85.15,2.4,61.0
mimic_s5_keyshbm,1,5.23,0.246,307.4,2.307,1.709,1.701,3.970,349.3,85.93,2.4,61.0
mimic_s5_keyshbm,1,5.48,0.249,307.3,2.309,1.708,1.700,3.927,351.0,87.39,2.4,61.1
mimic_s5_keyshbm,1,5.72,0.249,308.1,2.310,1.715,1.700,3.927,348.3,86.71,2.4,61.1
mimic_s5_keyshbm,1,5.97,0.249,307.3,2.305,1.708,1.701,3.921,349.7,87.09,2.4,61.1
mimic_s5_keyshbm,2,0.29,0.288,329.8,2.585,1.903,1.616,4.139,380.5,109.59,3.8,62.7
mimic_s5_keyshbm,2,0.57,0.278,297.5,2.126,1.673,1.758,3.746,335.5,93.37,2.0,59.6
mimic_s5_keyshbm,2,0.85,0.279,323.5,2.473,1.846,1.651,4.084,368.8,102.88,3.5,62.1
mimic_s5_keyshbm,2,1.12,0.279,298.8,2.323,1.670,1.695,3.866,330.9,92.31,2.8,61.1
mimic_s5_keyshbm,2,1.40,0.273,314.1,2.288,1.767,1.707,3.950,355.1,96.95,2.4,60.8
mimic_s5_keyshbm,2,1.67,0.276,316.0,2.385,1.785,1.681,4.009,356.8,98.48,2.8,61.5
mimic_s5_keyshbm,2,1.95,0.276,308.8,2.397,1.737,1.675,3.838,344.0,94.95,2.9,61.6
mimic_s5_keyshbm,2,2.20,0.255,308.6,2.315,1.733,1.703,3.918,345.4,88.08,2.4,61.0
mimic_s5_keyshbm,2,2.46,0.255,318.5,2.403,1.793,1.671,3.969,354.9,90.51,3.0,61.7
mimic_s5_keyshbm,2,2.71,0.252,310.6,2.388,1.740,1.676,4.051,347.6,87.60,2.8,61.5
mimic_s5_keyshbm,2,2.97,0.255,310.8,2.356,1.739,1.686,3.908,341.9,87.18,2.6,61.3
mimic_s5_keyshbm,2,3.22,0.249,314.7,2.370,1.773,1.682,3.987,354.6,88.31,2.7,61.4
mimic_s5_keyshbm,2,3.46,0.249,313.2,2.378,1.772,1.686,4.058,350.2,87.19,2.5,61.3
mimic_s5_keyshbm,2,3.72,0.252,311.9,2.362,1.758,1.689,3.942,346.0,87.19,2.5,61.3
mimic_s5_keyshbm,2,3.97,0.249,312.4,2.356,1.763,1.690,3.982,349.2,86.96,2.5,61.2
mimic_s5_keyshbm,2,4.21,0.249,312.9,2.363,1.769,1.688,4.036,351.9,87.64,2.5,61.2
mimic_s5_keyshbm,2,4.47,0.252,312.7,2.364,1.766,1.688,3.888,348.3,87.76,2.5,61.3
mimic_s5_keyshbm,2,4.71,0.248,311.9,2.363,1.762,1.686,3.975,346.5,85.96,2.5,61.2
mimic_s5_keyshbm,2,4.96,0.246,312.2,2.361,1.765,1.687,3.969,349.7,86.02,2.5,61.2
mimic_s5_keyshbm,2,5.20,0.243,311.6,2.359,1.760,1.688,3.982,350.1,85.07,2.5,61.3
mimic_s5_keyshbm,2,5.45,0.243,312.2,2.362,1.765,1.686,3.976,347.6,84.47,2.5,61.3
mimic_s5_keyshbm,2,5.69,0.240,312.2,2.362,1.765,1.686,3.991,350.2,84.06,2.5,61.3
mimic_s5_keyshbm,3,0.28,0.284,330.4,2.589,1.907,1.616,4.173,376.4,106.73,3.8,62.8
mimic_s5_keyshbm,3,0.56,0.281,298.1,2.142,1.678,1.753,3.778,338.8,95.32,2.1,59.8
mimic_s5_keyshbm,3,0.85,0.285,324.2,2.439,1.849,1.662,4.038,364.6,103.91,3.3,61.9
mimic_s5_keyshbm,3,1.13,0.282,299.4,2.349,1.674,1.686,3.932,336.6,94.91,3.0,61.3
mimic_s5_keyshbm,3,1.41,0.279,310.7,2.290,1.741,1.709,3.877,348.3,97.16,2.4,60.9
mimic_s5_keyshbm,3,1.69,0.276,317.5,2.369,1.797,1.685,3.985,357.6,98.72,2.7,61.4
mimic_s5_keyshbm,3,1.96,0.273,311.2,2.417,1.757,1.668,3.763,346.5,94.59,2.9,61.6
mimic_s5_keyshbm,3,2.20,0.242,307.3,2.308,1.723,1.704,3.902,343.0,82.99,2.3,60.9
mimic_s5_keyshbm,3,2.44,0.240,319.2,2.423,1.796,1.666,4.085,358.2,85.98,3.1,61.9
mimic_s5_keyshbm,3,2.68,0.243,310.1,2.386,1.732,1.677,3.999,345.9,84.05,2.8,61.6
mimic_s5_keyshbm,3,2.92,0.240,313.4,2.353,1.753,1.689,3.909,344.8,82.74,2.6,61.3
mimic_s5_keyshbm,3,3.16,0.237,314.7,2.373,1.788,1.686,4.051,354.0,83.91,2.5,61.3
mimic_s5_keyshbm,3,3.40,0.240,310.9,2.359,1.748,1.689,3.937,346.2,83.08,2.5,61.3
mimic_s5_keyshbm,3,3.64,0.237,312.7,2.359,1.765,1.690,4.037,350.1,82.99,2.5,61.3
mimic_s5_keyshbm,3,3.88,0.240,312.5,2.360,1.764,1.689,3.988,350.2,84.03,2.5,61.2
mimic_s5_keyshbm,3,4.12,0.240,312.2,2.362,1.763,1.688,3.950,346.5,83.17,2.5,61.2
mimic_s5_keyshbm,3,4.36,0.240,312.5,2.359,1.764,1.689,4.036,351.4,84.31,2.5,61.3
mimic_s5_keyshbm,3,4.60,0.243,311.4,2.355,1.754,1.688,3.894,346.4,84.20,2.5,61.2
mimic_s5_keyshbm,3,4.84,0.237,312.2,2.359,1.763,1.689,4.033,349.9,82.93,2.5,61.3
mimic_s5_keyshbm,3,5.08,0.240,311.8,2.359,1.761,1.688,3.981,350.9,84.23,2.5,61.2
mimic_s5_keyshbm,3,5.32,0.240,311.7,2.358,1.760,1.687,3.929,346.0,83.04,2.5,61.3
mimic_s5_keyshbm,3,5.56,0.237,311.6,2.352,1.758,1.690,4.024,351.2,83.24,2.5,61.3
mimic_s5_keyshbm,3,5.80,0.240,311.1,2.354,1.753,1.688,3.973,349.1,83.81,2.5,61.2
mimic_s5_keyshbm,4,0.28,0.283,326.9,2.540,1.872,1.627,4.114,377.5,106.92,3.6,62.6
mimic_s5_keyshbm,4,0.56,0.278,291.1,2.069,1.631,1.779,3.670,335.4,93.37,1.9,59.2
mimic_s5_keyshbm,4,0.84,0.279,321.6,2.400,1.828,1.671,4.035,367.4,102.50,3.1,61.6
mimic_s5_keyshbm,4,1.12,0.282,294.4,2.285,1.639,1.707,3.900,336.5,94.91,2.6,60.9
mimic_s5_keyshbm,4,1.40,0.282,306.6,2.207,1.724,1.737,3.795,347.9,98.11,2.0,60.2
mimic_s5_keyshbm,4,1.67,0.261,314.2,2.339,1.771,1.692,4.001,359.3,93.78,2.6,61.2
mimic_s5_keyshbm,4,1.95,0.282,303.7,2.348,1.692,1.688,3.786,341.5,96.27,2.7,61.3
mimic_s5_keyshbm,4,2.21,0.264,305.1,2.245,1.706,1.724,3.720,345.8,91.30,2.0,60.5
mimic_s5_keyshbm,4,2.46,0.252,312.3,2.314,1.755,1.704,3.945,357.6,90.11,2.4,61.0
mimic_s5_keyshbm,4,2.72,0.252,305.0,2.320,1.715,1.701,3.992,346.1,87.25,2.3,60.9
mimic_s5_keyshbm,4,2.97,0.255,307.1,2.253,1.730,1.726,3.844,346.9,88.46,1.9,60.5
mimic_s5_keyshbm,4,3.22,0.252,310.6,2.326,1.750,1.700,4.000,354.2,89.28,2.3,61.0
mimic_s5_keyshbm,4,3.48,0.255,304.3,2.288,1.703,1.712,3.872,342.6,87.36,2.1,60.8
mimic_s5_keyshbm,4,3.73,0.252,307.6,2.283,1.725,1.712,3.910,351.5,88.59,2.2,60.8
mimic_s5_keyshbm,4,3.98,0.252,309.6,2.324,1.734,1.697,3.991,351.9,88.67,2.4,61.1
mimic_s5_keyshbm,4,4.24,0.255,306.0,2.311,1.696,1.699,3.881,344.6,87.88,2.4,61.0
mimic_s5_keyshbm,4,4.49,0.252,309.0,2.306,1.726,1.700,3.845,351.6,88.60,2.4,61.0
mimic_s5_keyshbm,4,4.72,0.236,307.9,2.314,1.716,1.699,3.973,347.3,81.96,2.4,61.0
mimic_s5_keyshbm,4,4.96,0.240,306.4,2.311,1.696,1.701,3.930,350.3,84.08,2.4,61.1
mimic_s5_keyshbm,4,5.20,0.240,308.4,2.309,1.719,1.700,3.925,347.7,83.45,2.4,61.0
mimic_s5_keyshbm,4,5.44,0.240,307.9,2.314,1.714,1.698,3.877,347.5,83.42,2.4,61.1
mimic_s5_keyshbm,4,5.67,0.222,307.8,2.311,1.714,1.699,3.921,350.7,77.83,2.4,61.0
mimic_s5_keyshbm,4,5.90,0.234,307.7,2.307,1.712,1.701,3.957,348.7,81.61,2.4,61.0
mimic_s5_keyshbm,5,0.29,0.290,326.3,2.526,1.866,1.629,4.047,377.8,109.66,3.6,62.5
mimic_s5_keyshbm,5,0.57,0.284,288.5,2.053,1.615,1.784,3.670,333.3,94.77,1.8,59.0
mimic_s5_keyshbm,5,0.86,0.285,321.5,2.389,1.826,1.674,4.000,370.0,105.46,3.1,61.5
mimic_s5_keyshbm,5,1.14,0.285,290.7,2.242,1.624,1.719,3.789,335.1,95.51,2.5,60.5
mimic_s5_keyshbm,5,1.42,0.279,308.0,2.197,1.729,1.739,3.820,350.7,97.84,2.0,60.2
mimic_s5_keyshbm,5,1.70,0.279,311.1,2.323,1.753,1.698,3.932,358.2,99.93,2.6,61.1
mimic_s5_keyshbm,5,1.98,0.273,300.5,2.316,1.677,1.698,3.812,341.8,93.31,2.5,61.0
mimic_s5_keyshbm,5,2.24,0.261,304.6,2.211,1.695,1.735,3.763,346.5,90.44,1.9,60.4
mimic_s5_keyshbm,5,2.49,0.255,311.7,2.337,1.750,1.694,3.959,355.6,90.66,2.5,61.2
mimic_s5_keyshbm,5,2.75,0.255,302.2,2.282,1.689,1.715,3.913,345.1,88.02,2.1,60.8
mimic_s5_keyshbm,5,3.00,0.255,307.6,2.244,1.734,1.730,3.883,350.1,89.27,1.9,60.4
mimic_s5_keyshbm,5,3.26,0.255,308.5,2.320,1.740,1.703,3.950,352.3,89.85,2.3,61.0
mimic_s5_keyshbm,5,3.51,0.255,302.5,2.227,1.699,1.736,3.866,341.5,87.07,1.7,60.3
mimic_s5_keyshbm,5,3.77,0.255,309.4,2.300,1.737,1.709,3.903,354.3,90.35,2.2,60.8
mimic_s5_keyshbm,5,4.02,0.252,304.1,2.291,1.708,1.713,3.925,345.0,86.95,2.1,60.8
mimic_s5_keyshbm,5,4.27,0.249,306.3,2.265,1.721,1.719,3.900,350.9,87.37,2.0,60.6
mimic_s5_keyshbm,5,4.52,0.252,308.6,2.297,1.722,1.707,3.867,351.9,88.67,2.2,60.9
mimic_s5_keyshbm,5,4.76,0.242,305.1,2.302,1.708,1.706,3.947,345.3,83.56,2.2,60.9
mimic_s5_keyshbm,5,5.00,0.243,307.0,2.283,1.713,1.709,3.903,351.3,85.36,2.2,60.8
mimic_s5_keyshbm,5,5.25,0.243,308.6,2.320,1.722,1.697,3.889,348.2,84.60,2.4,61.1
mimic_s5_keyshbm,5,5.49,0.240,306.0,2.304,1.696,1.700,3.960,348.8,83.72,2.3,61.0
mimic_s5_keyshbm,5,5.73,0.240,307.5,2.301,1.712,1.700,3.851,347.1,83.31,2.3,61.0
mimic_s5_keyshbm,5,5.96,0.237,307.8,2.313,1.714,1.699,3.948,351.2,83.23,2.4,61.0
